Lat , Long
-49.85437592997279,-12.999294942338107
-49.84975750006488,-12.55245849724389
-49.393573885120006,-13.068579577693841
-50.05464670085955,-12.396452166509377
-49.25786809724661,-12.059615432145494
-49.25664862033063,-12.045038118265813
-49.24450642544919,-12.044113310909315
-49.142147524260594,-12.21021532649345
-48.73289797148835,-12.106523404664609
-48.74707911085308,-12.089875853542775
-48.75355428730408,-12.081978032270488
-48.74473135060675,-12.074720709489203
-48.735957625154356,-12.166474985034785
-48.75496431158184,-12.139747580760071
-45.89359151755848,-6.749343577780282
-49.15042637613181,-11.821898493567303
-49.12667182271561,-11.87819137115563
-49.128841201542315,-11.897577814885828
-48.658576976260264,-11.809147640900386
-48.66343170841496,-11.714569302278509
-46.17390886567839,-10.590579935897914
-46.03705351401767,-10.496604491311475
-47.205561725484046,-7.868825158556246
-48.09512733685313,-9.306608097642611
-48.11274322799396,-9.304352989274152
-48.13097375517441,-9.304565519815025
-48.125701264563816,-9.31779069072833
-48.132504946638875,-9.349324463233286
-48.1364157826969,-9.360334755839776
-48.13394400095429,-9.374940856452849
-48.12386683762252,-9.369308318734868
-48.110202720408644,-9.344210403483965
-48.096106126945536,-9.334681912062743
-48.10553620148945,-9.335176476124118
-48.06574192408467,-9.315505323714135
-48.12441771171403,-9.409881017469594
-48.0848025561226,-9.248096165442673
-48.07718368481568,-9.246796556640838
-48.069140925295365,-9.242372045245826
-48.068572347078515,-9.262398703426351
-48.109697348518765,-9.188673245703397
-48.10512570897076,-9.18560639636191
-48.11131495539313,-9.18181447869127
-48.1161270838284,-9.17330471388179
-48.14313958361121,-9.158245357798531
-48.184819961686124,-9.152622112036243
-48.172999708097905,-9.192300846763924
-48.22312853240348,-9.20063214731869
-48.26959379811829,-9.200202892271092
-48.27706058652681,-9.219031733039392
-48.26611018435155,-9.210222513140042
-48.26259679102109,-9.172106340328488
-48.25578206394865,-9.170615620523733
-48.17088041522016,-9.178196556642165
-48.30786976781575,-10.51010663543424
-48.324173082691644,-10.487904896838815
-48.383286749799986,-10.660881312424387
-48.38098188761674,-10.636477854801754
-45.77979217944267,-12.3269198607212
-48.35042092456087,-10.619024185658423
-48.38795221556596,-10.613060566896333
-48.38127167044781,-10.613867534622209
-48.3864191685911,-10.5883072840457
-48.32142562090455,-10.596689019154711
-48.385243727822775,-10.497408672411538
-47.85288046798429,-10.122936431936795
-47.89375463379628,-10.164633829755113
-47.904762874087545,-10.19501734414533
-47.88123102985506,-10.20792928828401
-47.86053512010938,-10.210258109106196
-47.86298319657717,-10.211095103894378
-44.339442256392545,-11.030168536373253
-47.981693573131885,-9.864368655666826
-47.94522196458319,-9.789779819145563
-47.950551788148324,-9.78816942693997
-47.955896570122654,-9.78654878169864
-47.95431675298302,-9.781175501072433
-47.94897371295923,-9.78284838852535
-47.94368072870838,-9.784471220915316
-48.67391214365943,-10.857982349746363
-48.46168255269359,-10.371269334549105
-48.684053238775135,-10.162727437849187
-48.68500219003385,-10.151978194399781
-47.50211609798726,-9.786032232105967
-47.51020964739136,-9.792648951761205
-47.86687646798615,-9.812538216778298
-44.349223400574935,-11.047838488371589
-47.89374493718807,-10.16461352565251
-48.155192128785025,-11.12309417399919
-48.155135358317516,-11.13588130659425
-48.14874547336173,-11.139621512704638
-48.509213387588524,-10.986423641731164
-48.70239895260868,-11.117029266947764
-48.69265469162617,-11.119240748974235
-48.69550448164569,-11.109568253867094
-48.718717133263766,-11.114818477548205
-48.71803596450142,-11.190709271120893
-48.709629052918025,-11.175682661809278
-48.69588545945142,-11.167302564561888
-48.66541717533592,-11.178890293289925
-48.91933312211864,-11.839609744617686
-48.908779486620716,-11.906095234312096
-48.89879072900396,-11.896134031411822
-49.33554919846527,-12.249956621306803
-48.62402167936283,-12.355151787739596
-49.1509572158812,-12.208438301073878
-48.673024443943405,-11.726054221837078
-49.13942506394976,-11.891354108934308
-49.18575320510149,-12.14300967178514
-48.26260235306,-6.012729295686028
-49.788753316215946,-9.190428466225598
-49.52794724870927,-10.000478136915127
-49.50951205986779,-9.999254265875221
-49.51806457006798,-10.01100672724341
-49.504201498480185,-10.013914515859732
-49.674290561400824,-10.00115391834737
-49.94832564480397,-12.119174539216859
-49.94415756741251,-12.121488615974501
-46.67815314617219,-8.590152223884523
-46.66660311003027,-8.577321303127023
-46.6657054943452,-8.5698182549445
-46.65831482423408,-8.570671266743174
-46.6549566737559,-8.563975172835168
-46.64740277425852,-8.56391184423517
-46.63259323348555,-8.566880486556286
-46.61766792303193,-8.561924895663095
-46.61513181756817,-8.55411827596599
-46.6947958452282,-8.609327126400013
-46.68957870244992,-8.60284253720818
-46.73441839336954,-8.557855069670298
-46.72690482405597,-8.559163477059187
-46.71857069462302,-8.560636102504922
-46.71102881093736,-8.560949102688227
-46.723766531615446,-8.56585754931274
-46.731727496674516,-8.56561311498918
-46.750674979728416,-8.558402979034563
-46.62960511713518,-8.557538352559732
-46.622483852960855,-8.555665271906728
-46.636826279200434,-8.559514905103844
-46.62462996633388,-8.564285681488482
-46.67363720886461,-8.58121596868578
-46.70510836540837,-8.619322520172712
-46.752704338563184,-7.881722413110396
-46.742462328168344,-7.859576670004973
-46.76040297304418,-7.872240303208288
-46.76927026508884,-7.889827020113298
-46.780507238595035,-7.884124630121535
-46.79032651864623,-7.888867945010564
-46.82525333442373,-7.850297492781732
-46.82963868930466,-7.861245965557605
-46.843451129921355,-7.849381288188577
-43.01690236292032,-3.6402885493918626
-43.01330724028338,-3.722547602218265
-43.01933168130918,-3.7248564239705058
-43.01627919284367,-3.7238317295444014
-47.03283922879438,-6.4972359310530186
-46.316524998526816,-7.445820439911147
-46.3546557782073,-7.420688949848811
-46.36038038154023,-7.417249611543072
-46.35264408263082,-7.406423902971604
-46.30549847092417,-7.393308310836584
-46.295056399511225,-7.3914521156412425
-46.294560810675996,-7.414667772830921
-46.31683672410759,-7.43633724915076
-46.40111883902982,-7.480193916253511
-46.410361083568624,-7.47898578158961
-46.39792560839195,-7.444623303949838
-46.39921872495301,-7.413599040649376
-45.858883987047186,-7.467365388685954
-45.91400002706024,-7.32445751356762
-45.919400465081694,-7.314677274608288
-45.93475258232009,-7.2735844949125505
-45.864434401452044,-7.2176792596040205
-45.950275437234055,-7.235890036141279
-45.97583170450966,-7.225360561124175
-45.98512932601907,-7.220966257853796
-46.14841028966261,-7.684007767192994
-46.027230151131135,-7.773671045249478
-43.95491018111386,-3.379214006118384
-43.94935727410562,-3.3571373386482097
-42.939883171795884,-5.088280674134329
-47.92896773040577,-5.20818955731754
-47.92131423650163,-5.218087105979012
-47.91549606783203,-5.210343968783602
-48.08818313872829,-5.055246324434988
-47.88465416488411,-5.116751953273467
-47.36775319116593,-6.011102891205961
-45.96909138773948,-7.2337043627199344
-45.953062817656864,-7.227490817264454
-45.92601717241459,-7.320544413410685
-46.29161150169444,-7.376581475096887
-45.90348572767496,-6.74939582588347
-45.89698373654587,-6.745967102451745
-45.896545912027484,-6.765982581408407
-45.853764322578975,-6.749501489212695
-45.8528018747887,-6.754501994918666
-45.85174478530808,-6.760165797857013
-45.85757076194527,-6.754958845916494
-45.86284182254729,-6.749648108777887
-45.751124091523,-6.788839622088509
-45.74535958174562,-6.788535394942079
-45.754182912868046,-6.793229815689156
-45.74981673321788,-6.792881669879822
-45.730300681622445,-6.789864654000932
-45.73390091408004,-6.79009550047356
-45.72954624491558,-6.79774188409737
-45.80537259346194,-6.771685353410652
-45.79986059883974,-6.773093409884269
-45.797868097468275,-6.7821699653279035
-45.80591010403648,-6.780703365851131
-45.80578124636319,-6.7842291006348665
-45.98564577428285,-5.811087816827039
-45.994258476652874,-5.810321133675511
-45.98746121720926,-5.801982472703422
-45.241936387580665,-5.674685074248875
-45.238407834552376,-5.664846090357475
-45.24041560479182,-5.652202615348893
-45.21802983535431,-5.671851765532305
-45.18526747090452,-5.492807839172869
-45.179793210272145,-5.485716263009038
-45.18514632305354,-5.483565382199295
-45.207598975454324,-5.482620868158247
-45.20162472307995,-5.4743993085953395
-45.19499081181433,-5.466302827827735
-45.18645935264928,-5.462085255581363
-45.174726380116596,-5.449592508147652
-44.99401143658573,-5.201007180160038
-45.005411141984446,-5.5717319943912225
-44.995262577559636,-5.571915580400946
-45.75805879572501,-5.73753557156133
-46.364496507438595,-6.162552758842379
-46.373447307938946,-6.163545539765332
-44.63212776224019,-7.226525713294259
-44.63642014431979,-7.218924973895381
-43.382187904478975,-5.016527902786543
-43.83651732614063,-8.416419625504334
-43.7852215056618,-8.145409768220091
-43.77535367698876,-7.9600862436221105
-43.84071660331542,-8.397437329616675
-43.79593937133318,-7.955129374631562
-44.35952186534431,-9.136254957149012
-44.32405473915321,-9.073767880524947
-44.325238553204635,-9.080723449426637
-43.858571241061,-7.310282109211374
-45.9793165743203,-12.271540156783336
-45.96865557099906,-12.26657802683441
-46.01134743117254,-12.259418336645648
-45.99402301342034,-12.252407406255244
-45.95384048601105,-12.290398033459082
-45.937001231955016,-12.294220191863197
-45.95525914902935,-12.278554197873161
-45.95525277112279,-12.265626270323022
-45.93446774672539,-12.265733395015436
-45.9411070526661,-12.281444209972177
-45.934065368137546,-12.276458667567864
-45.92127614263532,-12.27156125764483
-45.928073297350025,-12.277807636932003
-45.92896896248473,-12.266885277120902
-45.94023471001979,-12.263763689690764
-45.9789509527257,-12.243555454382456
-45.914360797320704,-12.25457918210384
-45.90761606123786,-12.25584716187205
-45.89424237650682,-12.262069813439313
-45.88602976554974,-12.264115268110071
-45.86773026695291,-12.272290562530587
-45.85693915214899,-12.28016642364849
-45.858874679966696,-12.265379431460888
-45.848441667826584,-12.268558658979867
-45.867473926819365,-12.25856558573504
-45.85618154808687,-12.306806198623557
-45.86463783887587,-12.30146269155705
-45.82247822279562,-12.331235539437593
-45.811875190640514,-12.330219206652838
-45.82024195251324,-12.321547968499393
-45.80096792275689,-12.329072492717888
-45.80737714876406,-12.321053574230714
-45.79045070173922,-12.327969937407019
-45.95000223696037,-12.183959892909977
-45.79816619910991,-12.3005960400267
-45.789789274776574,-12.307597556369439
-45.73052373960065,-12.303353973984207
-45.721409605405015,-12.298105578178555
-45.736489868488015,-12.293784251828725
-45.71187693546127,-12.29233949049819
-45.727820720029825,-12.287837360398155
-45.74209417494464,-12.28481371042635
-45.61116010285297,-12.360801736329298
-45.61398559991554,-12.349183944154964
-45.4627099424032,-12.393373064997188
-45.45108668422344,-12.39066296999248
-45.44796532539395,-12.403586989938923
-45.4630801911555,-12.405638182918514
-45.28378081598514,-12.434278932631742
-45.298408750409564,-12.436592134521204
-45.28967133325816,-12.442520532320572
-45.27324407364212,-12.43288374833095
-45.27736846133793,-12.443077032197849
-45.28381574748218,-12.451963863763218
-45.24088955821206,-12.419144686198917
-45.229107210792506,-12.424146492767001
-45.218227081087214,-12.416775239236074
-45.23064246764055,-12.41165259698974
-45.2424782355484,-12.405926665004577
-45.21960318712931,-12.404572642087183
-45.231877971002035,-12.39753316075678
-45.20757965927011,-12.409614348966715
-45.209094775159464,-12.396709961195468
-45.973106843751616,-12.234750812693802
-45.96252935972274,-12.234939336807603
-45.95189209755371,-12.234571891551266
-45.94132437462915,-12.235881720224167
-45.93081884605317,-12.237768441430317
-45.920709641102434,-12.238925711509028
-45.91406470423544,-12.242577839156723
-45.908389371077874,-12.248361292510657
-45.89942031861838,-12.252239308898092
-45.892199367555335,-12.254819478495463
-45.8833609962728,-12.255396372888113
-45.88100442178634,-12.246437561165285
-45.89014062500579,-12.247588583160884
-45.897410610081806,-12.245083913565157
-45.92039297410112,-12.248115687051524
-45.856709183597665,-12.255007387981324
-45.865035189325404,-12.248124539457953
-45.84635204568924,-12.258201374179741
-45.83178982003606,-12.258454070247597
-45.83140847398557,-12.256792159457532
-45.82953928589237,-12.257170497944967
-45.829205124900476,-12.255437981152413
-45.831091032286906,-12.255075006756252
-45.83074549381932,-12.253395990278886
-45.82883814312155,-12.253716645084918
-45.828489660053464,-12.251988482195486
-45.83041570669833,-12.251715867029155
-45.83004924683064,-12.250037234092574
-45.97983748004623,-12.184704256798561
-45.97085135425693,-12.185245117285131
-45.97777830703519,-12.176238051742668
-45.96804109116343,-12.176991615696826
-45.93457035659023,-12.183483598323548
-45.94191120303549,-12.197819801219865
-45.92966051039791,-12.195936900222703
-45.95603593578851,-12.193967017335467
-45.746614577102875,-12.270801864130767
-45.73325847823816,-12.278667386455597
-45.71745488876995,-12.283300958771962
-45.72302146342682,-12.274021703228225
-45.73167220303256,-12.267444208791787
-45.756196358976766,-12.263622670500913
-45.406634564002985,-12.23053276183064
-45.92974317506437,-12.120437499316678
-45.922006043603226,-12.119405912878198
-45.82824425715457,-12.148718301534675
-45.70642056803033,-12.093796465488143
-45.71029479685095,-12.09439469645627
-45.70593332927167,-12.097655330016279
-45.70975912224415,-12.098187220718584
-45.709136435607746,-12.088130721410622
-45.686029796978026,-12.291463728124006
-45.68475657040238,-12.280429368874037
-45.68351493922014,-12.269333522141284
-45.673357114425905,-12.26485773933588
-45.67501329367439,-12.290593058342672
-45.64114286141413,-12.282284891501751
-45.643913167159845,-12.272051375229912
-45.63036963394423,-12.28012864152624
-46.184197798121744,-12.181637512998867
-45.61085870996509,-12.27427108901182
-45.610126296297345,-12.264183357621539
-45.591925347838405,-12.267444377732472
-45.58189051443956,-12.271203457566461
-45.57128723058174,-12.273676002646752
-45.560618411917176,-12.275214377468771
-45.56002752576517,-12.264787075516956
-45.581436002360384,-12.26079800171934
-45.59130200058943,-12.256972575097397
-45.55973865844582,-12.254702294741808
-45.571105572191314,-12.262821979074605
-45.53462653937447,-12.292327053938083
-45.52372024508466,-12.295234424517032
-45.513355119916945,-12.296936330492109
-45.50066375042613,-12.299577343647156
-45.510738085199755,-12.286029559560845
-45.51977691705811,-12.274432219524991
-45.5317418461889,-12.280459497648652
-45.52187784285515,-12.284502290764488
-45.50011159327633,-12.285862878960241
-45.488201428580986,-12.29622571536013
-45.47639951654249,-12.292841972658666
-45.48942550555924,-12.285804549376984
-45.47644773318503,-12.282419451918543
-45.50908581068137,-12.27565371296939
-45.498617896499056,-12.275514278687016
-45.488307952325755,-12.27563015210046
-45.22024643835637,-12.391625779719188
-45.197572785101485,-12.398250722189893
-45.23717481221868,-12.381048870173226
-45.22462346485149,-12.379809466066186
-45.21228686059752,-12.382441899589478
-45.20034947053896,-12.38747575254337
-45.20178449250794,-12.375122181121595
-45.21371266208134,-12.369979260189227
-45.39426607625901,-12.303388174813156
-45.39396634898234,-12.292688308076075
-45.37917369484021,-12.305644960409243
-45.17206571798126,-14.546420081280269
-45.38418635569241,-12.287899931571046
-45.39372754851428,-12.282187311924865
-45.404874656326584,-12.28013370723298
-45.431356594009486,-12.29304145682341
-45.44157320165745,-12.285873826139552
-45.4176447810873,-12.343122181502855
-45.41032751556416,-12.334858258077947
-45.39769938866798,-12.342328674415269
-45.42145496041011,-12.332819493568572
-45.4322509386319,-12.32587430842748
-45.4432292435867,-12.328253464177193
-45.448813769694254,-12.319091223202015
-45.4593599457258,-12.322610417668457
-45.47025122686792,-12.323300917109496
-45.480759228568424,-12.324660740946648
-45.4913726263453,-12.326386293069534
-45.494665713425725,-12.316204037696995
-45.48425068650432,-12.31451239480057
-45.47381225088363,-12.312944229753715
-45.46298072751887,-12.311920541748647
-45.45255917824469,-12.30919589431111
-45.484718680485344,-12.334317877136186
-45.45397067960768,-12.331037399101655
-45.4544422987423,-12.341167197506392
-46.014468545410935,-12.16028451977645
-45.89487378050725,-12.171321584607016
-45.90139605602858,-12.163217642208705
-45.890922865612126,-12.161687704487965
-45.86745290996312,-12.155569457928392
-45.85977070566931,-12.16142946150167
-45.857664944968235,-12.152020635314125
-45.84543763239206,-12.14874896830173
-45.578927855397424,-12.22460647521725
-45.591888020805335,-12.21775698708869
-45.581463518310905,-12.214133240915103
-45.59380183334267,-12.20723754621677
-45.58380105352638,-12.20432241396706
-45.52130444370198,-12.214578695598837
-45.44467887780692,-12.276046227575943
-45.44139531555716,-12.266656483094833
-45.35454543608945,-12.27799926431323
-45.355579457286666,-12.267397021005353
-45.78142682037221,-12.161700932524598
-45.81213333937725,-12.15191209883795
-45.801562619068484,-12.153383870269762
-45.790729403046136,-12.154403328531933
-45.7792591777613,-12.15140309429411
-45.78872916286168,-12.144028704379803
-45.90653491863084,-12.081100508577087
-45.91320349517467,-12.072948641656291
-45.89669827013056,-12.075146449157359
-45.90401409804017,-12.067574361799096
-45.83697243900577,-12.12055419717329
-45.830260879431975,-12.111948109563558
-45.8102083577078,-12.141695503799802
-45.799559960197286,-12.143031844052574
-45.8081287836754,-12.13126890038224
-45.79758958490611,-12.132744694881348
-45.78676618178579,-12.133710246317678
-45.777334933354865,-12.140861776336358
-45.771053528713765,-12.124635020191649
-45.768360371067516,-12.11446287595201
-45.76015864586516,-12.12229918020656
-45.76270494534449,-12.105755016178204
-45.75528633386591,-12.112784237485508
-45.61365887737108,-12.179189243390665
-45.61599317878894,-12.167032090103206
-45.55570723947405,-12.167496973172389
-45.55160399881313,-12.17547591550815
-45.47998753209214,-12.215051126396732
-45.4868757053832,-12.209311645022419
-45.47011818752045,-12.19972196900264
-45.47876303233001,-12.192400845171726
-45.486411390516444,-12.182647767372163
-45.49116248670013,-12.171769429933171
-45.49611360210289,-12.16071716434344
-45.46016253338852,-12.167858109460512
-45.469710973873056,-12.159889448818092
-45.36503819398726,-12.222357841421525
-45.34838724019014,-12.224999885146076
-45.54867845567228,-12.184291348803544
-45.53633392185911,-12.19459908486629
-45.52979547393468,-12.201718928359115
-45.51458726791784,-12.206449305452068
-45.52037563665688,-12.197744016670535
-45.52737111449018,-12.190245696041805
-45.53571134229135,-12.184596220599545
-45.52585848743513,-12.180551543810141
-45.51576787113248,-12.188358936992833
-45.50979486406431,-12.197181338989786
-45.50019223927942,-12.194401151685899
-45.506111271722304,-12.18568172352759
-45.51446940126497,-12.17792074592272
-45.52397274433511,-12.170129214917601
-45.54777072191992,-12.164416960994247
-45.54108582938278,-12.168773433169532
-45.54052446638766,-12.159365508873867
-45.9141450579288,-12.061575253677665
-45.90416992754658,-12.053609065132479
-45.89477930927097,-12.06235564441775
-45.887264240007184,-12.069774634928143
-45.89337382391265,-12.048649520775879
-45.882133565662734,-12.04537939427115
-45.675624863242106,-12.111252061913461
-45.66841662218187,-12.102839060746367
-45.46460400806324,-12.14891301389753
-45.45397621077767,-12.157014495195357
-45.44913946441798,-12.145711790872609
-45.45850162868056,-12.137691898569582
-45.44371445157503,-12.133626032481606
-45.4543128308617,-12.125647573455806
-45.46921944116772,-12.135963339980327
-45.33486393662847,-12.149165933235349
-45.32488462041115,-12.14961831634634
-45.75468311544267,-12.025324876812306
-45.770938879637306,-11.984859264936187
-45.76130618533558,-11.979794101669341
-45.75159886576231,-11.975290983624706
-45.64814595289047,-12.065985314738155
-45.656456783062524,-12.059277720433528
-45.646429871795476,-12.055462025074483
-45.636945877091335,-12.064535966988622
-45.635323089330114,-12.05405707020824
-45.64473263146456,-12.044844829978222
-45.631998580898426,-12.043854489975843
-45.621965535114214,-12.04744511888408
-45.65494851031679,-12.048532030640061
-45.65187219540629,-12.032394947010534
-45.623951066691696,-12.036898936980304
-45.6408809231296,-12.03108755263792
-45.647383580505526,-12.022470755195094
-45.636345630357894,-12.021079350514917
-45.6579574580941,-12.023638985192102
-45.50194010916483,-12.071691731240282
-45.5016601850965,-12.060400095017634
-45.38163982047382,-12.122495809757373
-45.37753604076508,-12.110861081404863
-45.59050090521403,-12.006084431756443
-45.58098007921073,-12.007781336291862
-45.58037514793371,-12.017569234455914
-45.5904517108068,-12.015969863418636
-45.592361642872,-12.025904661325871
-45.503216332213455,-11.960971371846616
-45.480510333388246,-11.951499249996262
-45.48897906532742,-11.953424465005448
-45.54547535026764,-11.991681454988818
-45.53062658905837,-11.98999511809003
-45.5466414607538,-12.00216372803242
-45.53523726290025,-11.999528345907851
-45.998243942893524,-11.893782684970681
-45.98559378754374,-11.894633600792782
-45.99607040012628,-11.882346719380791
-45.98394367288303,-11.882829621370792
-45.98821381100987,-11.87210753431077
-45.99917202690854,-11.866721130899899
-46.006819137993396,-11.876204057502374
-45.71921832296684,-11.948456234772012
-45.69936755317474,-11.949948396219966
-45.702383236051645,-11.942762675018614
-45.68999202284351,-11.942465087034847
-45.67835751432752,-11.941538265387967
-45.66833109926784,-11.937059245547289
-45.658463260101556,-11.932662284692743
-45.64842999113453,-11.928216029800627
-45.654002540310636,-11.91911175048458
-45.646797536758676,-11.914913897270957
-45.618071763976914,-11.929868126618167
-45.606016860791755,-11.93496471915142
-45.60895164822489,-11.924223389098382
-45.62180890741324,-11.924006809630331
-45.62663134315635,-11.94812346766228
-45.616559503181136,-11.943281977995506
-45.62162593193553,-11.958862285753252
-45.631602382385104,-11.963273873248431
-45.61166850516746,-11.953941221196656
-45.599939975792665,-11.95106457148722
-45.74176494878601,-11.970827010612723
-45.731831413138714,-11.96648847402325
-45.72200762856174,-11.961992067199365
-45.74126670235029,-11.944500160816135
-45.73298364840109,-11.93884848520817
-45.72505285782342,-11.934660232706255
-45.717884236017966,-11.927984739644652
-45.711730904151395,-11.922733799964837
-45.75318901629557,-11.939702451928161
-45.74317836279691,-11.934137448886183
-45.73352761159473,-11.927601504974689
-45.72414975555835,-11.919544915824055
-45.7163509025077,-11.917465836981723
-45.70646043031155,-11.916426494181453
-45.71815811341348,-11.909617495894025
-45.694609972064725,-11.922868780132873
-45.68378421221919,-11.918206806601578
-45.69281857182512,-11.911510976171504
-45.70730421177045,-11.90799359653604
-45.71197928782389,-11.901250621613043
-45.72142788201801,-11.899106867399988
-45.53485691116993,-11.924283449241072
-45.52366076064425,-11.919844942042397
-45.53717178366963,-11.913155395797856
-45.526502690374365,-11.908543300240545
-45.63552721562506,-11.916347809810047
-45.62527708211157,-11.91252140614265
-45.61479206939311,-11.908618535950167
-45.6108507177369,-11.919116391438699
-45.64688219262516,-11.878370419606268
-45.61189351393623,-11.875522871854
-45.60115006927745,-11.872652028820294
-45.60926795645056,-11.852590593196693
-45.59795707424493,-11.851075359954907
-45.65251009923587,-11.859322408301997
-45.654354780501464,-11.867866044130206
-45.65639594792916,-11.87658308774052
-45.65863800607766,-11.885864984110885
-45.660813167301555,-11.895207581258193
-45.66303344573653,-11.90496920962945
-45.65078133832252,-11.89961120400511
-45.637505624492654,-11.899325325673454
-45.62716218221741,-11.895046700615282
-45.64866662395552,-11.88871357539754
-45.6377883709532,-11.888849824978987
-45.628326290563535,-11.88474022336103
-45.63703764384081,-11.879087563395961
-45.78158614405465,-11.85827643120945
-45.91041057485155,-11.857714637074576
-45.91983077373231,-11.850795111408273
-45.92819508190695,-11.842846389607699
-45.94437885732558,-11.832340042601997
-45.947949995113255,-11.821101791510602
-45.96291261142073,-11.81865162598987
-45.97184897668218,-11.81112210386056
-45.95437189315919,-11.810732330847198
-45.96322968593359,-11.80324015604141
-45.986455055791815,-11.798775684123047
-45.97796909431324,-11.790815355273402
-45.99541585391225,-11.791279865487844
-45.98660244960818,-11.78303267383586
-45.90845830088693,-11.835228269295921
-45.89962208945158,-11.842135650505835
-45.69639906458745,-11.789555422348597
-46.04714685559159,-11.810843028455668
-46.03102569328132,-11.80793304734607
-46.0375311969276,-11.79916814150283
-46.05314914646674,-11.77752005349227
-46.047481008795806,-11.768557502652374
-45.76169024659387,-11.863992741770145
-45.75128131936032,-11.865301536777917
-45.736471526234304,-11.862269199462267
-45.74842199708663,-11.854881841094853
-45.73406770314482,-11.851964213735137
-45.7453177791852,-11.8445883178946
-45.725224984993055,-11.864915663437055
-45.72269328882997,-11.854483935318095
-45.73455016434858,-11.874089719942747
-45.72627996290976,-11.874603826670173
-45.70846410478054,-11.885394859901496
-45.698501079891265,-11.890791269708387
-45.687819860123,-11.893353519238733
-45.67715574745667,-11.895920157712933
-45.67455582107733,-11.885467760594365
-45.68520039787866,-11.882843481910067
-45.695824407217,-11.88032406824098
-45.80395018149229,-11.78143292627699
-45.79558051321846,-11.788939459864848
-45.784314695987824,-11.786028796977288
-45.77575141409804,-11.79389525873429
-45.7731733768427,-11.78266248967019
-45.793459914126096,-11.77757450239487
-45.78169178675861,-11.774846985262224
-45.77051642224468,-11.771417312243956
-45.79031265035589,-11.766445896381315
-45.80126909803841,-11.769492408666117
-45.76777418336832,-11.760257678261082
-45.79872888861504,-11.758866790585943
-45.788051066487746,-11.755273436735923
-45.7764019483987,-11.7523416842975
-45.79604210336938,-11.747447583957698
-45.785423672065974,-11.74395421415082
-45.77370282343075,-11.741223550737542
-45.76511132243815,-11.749031844500587
-45.762799441765075,-11.737135897190818
-45.77161355514187,-11.730444251120385
-45.782756634462245,-11.732747223747184
-45.793436776207365,-11.736249656243654
-45.7914962771109,-11.725785722120529
-45.74366671138169,-11.788259512985702
-45.734546631652705,-11.790564703957644
-45.72504214606395,-11.793014648047773
-45.74147544862776,-11.77929139450705
-45.73238031692885,-11.781568349723207
-45.72291789391372,-11.78396814376742
-45.739324996049476,-11.770320674747618
-45.73013911229768,-11.772311442667483
-45.72063407368637,-11.774473773510676
-45.736432755591174,-11.758720191391202
-45.727365818735386,-11.760837003978331
-45.71792643903417,-11.762979174347777
-45.734328653507276,-11.749607198599188
-45.72519872485196,-11.751735989781901
-45.71575849152961,-11.753951805689702
-45.705735566592416,-11.755996255008931
-45.69008539211465,-11.767997048925865
-45.69347839272013,-11.779607086223072
-45.67557171059762,-11.790395378900069
-45.66892193650239,-11.782118518091526
-45.74573987434605,-11.797060856931418
-45.73664236023581,-11.799345420296897
-45.727400827673385,-11.801817874670773
-45.62155230352693,-11.807408924262749
-45.62027097153656,-11.797042278310759
-45.62938702738297,-11.77741391336431
-45.63041327500427,-11.766234704984917
-45.606499050230454,-11.761875997190714
-45.59563564812071,-11.763026479092233
-45.65583450921134,-11.7699138250354
-45.64534281198505,-11.768516955791117
-45.66231574936998,-11.761545646900878
-45.65168027795567,-11.760103379513072
-45.65695066365019,-11.751010558002534
-45.66783607140024,-11.752252079855573
-45.65104967653396,-11.783720194258034
-45.647007421361394,-11.793638536978374
-45.65356834360715,-11.80204767814535
-45.66519230049669,-11.800502370696487
-45.66617633493231,-11.81110042888895
-45.65501772092636,-11.812438837442077
-45.65652149741104,-11.822723766451945
-45.67683474941878,-11.81013523683353
-45.683031638770395,-11.81875403666858
-45.67056822512743,-11.820812737688145
-45.63939254769815,-11.81896074247981
-45.64084714453862,-11.829403909374358
-45.637047721158986,-11.808837631539223
-45.63222464915682,-11.825090247125058
-45.63117799260237,-11.815197124374881
-45.622263016775,-11.817522884841969
-45.58324728754389,-11.80746046060085
-45.58155835226056,-11.818056009555896
-45.57129439233371,-11.817379162764741
-45.57326030931297,-11.804393634048958
-45.596518019781065,-11.807085772353876
-45.58010450472258,-11.828080445399221
-45.56981606081863,-11.827388980533584
-45.608163469994444,-11.840471602894235
-45.59713000002924,-11.83963787864915
-45.58598834175591,-11.838899013453137
-45.600902056213265,-11.82908773791844
-45.590629171554426,-11.82848648701204
-45.60263916329019,-11.819204731712864
-45.5921491686307,-11.818601463248354
-45.603687844662744,-11.811014923788754
-45.558834396451005,-11.794552266289887
-45.556692497731525,-11.804788446432815
-45.55542682040601,-11.814780199960445
-44.75732720187421,-11.847970580108768
-44.831741907397806,-11.872678743902283
-44.82666704913095,-11.879794730635407
-45.817330871619696,-11.663094733267283
-45.81411116591016,-11.652236306896121
-46.042199631229224,-11.600992567695029
-46.049140021320774,-11.592427792600368
-45.765017715850995,-11.6803534268375
-45.74735538639251,-11.68871240580487
-45.729455071850126,-11.697228045039564
-45.71178121274225,-11.705518521810774
-45.69421147765687,-11.713809239140856
-45.67661581968469,-11.722300894226992
-45.66995518240561,-11.703911513238829
-45.68788282853472,-11.695149008167451
-45.70545175971779,-11.686937674195482
-45.72388118883623,-11.679966549937859
-45.74105605352458,-11.670239368356329
-45.734432412921514,-11.651920348074736
-45.758674106593276,-11.661776191296166
-45.77662732945546,-11.653320194258736
-45.78296118591412,-11.671855296674373
-45.60521255074176,-11.751297846591015
-45.59428056006091,-11.752633961032831
-45.603902862166464,-11.740726697040994
-45.59301522075291,-11.742104995860169
-45.602669855352616,-11.730334798227535
-45.591794525228714,-11.731599749806236
-45.601449264393025,-11.7198078119358
-45.59060208573576,-11.721057304310012
-45.600185906590596,-11.709388269277307
-45.589263274989186,-11.710734062466281
-45.584310670538066,-11.686175456645541
-45.59561569966284,-11.679033662520355
-45.58281947048138,-11.673451906610614
-45.593880146017455,-11.666000893588464
-44.75324284449508,-11.766960240659833
-45.27356458285437,-11.631165570466182
-45.26869012014261,-11.626519806494873
-45.592935288315424,-11.65324945761128
-45.57994504462427,-11.655039704902189
-45.5898712096154,-11.640865529175182
-45.57641213432618,-11.64281917044274
-45.58963823821426,-11.629188460109013
-45.57791710481042,-11.631117536467716
-44.57188813550518,-11.718996155302227
-44.579928949285836,-11.710920779582986
-44.59145062452037,-11.709965017386233
-44.77451489028109,-11.583572874084705
-45.66981354250703,-11.479940049896133
-45.658894192823624,-11.480452816385714
-45.64835384753112,-11.477866534862736
-45.674617933497444,-11.470520671214919
-45.66383626653177,-11.47042990069511
-45.65333067422314,-11.467973879861491
-45.61700346722351,-11.415442321713371
-45.49079419003613,-11.04927400937929
-45.469040594500626,-11.055360214168388
-45.4584694025658,-11.060550123804337
-45.518079456608575,-11.039759251597667
-45.508078183684155,-11.03549967081975
-45.41292060745243,-11.059645451926901
-45.40269857497457,-11.059052534599692
-45.39201705812306,-11.055076798579107
-45.36838095305077,-11.092334594971955
-46.01275056499173,-13.768338255682206
-45.998961897144895,-13.770973769254951
-46.003399158029346,-13.760775019661752
-46.03459878878334,-13.684268400459647
-46.02282414739972,-13.673643663630605
-46.01059421935047,-13.663631639476684
-45.89937346532994,-13.702471130730533
-45.90167981912052,-13.691363078817114
-45.87837522697544,-13.69434413247817
-45.868491068056514,-13.692563019797312
-45.98610713459114,-13.61427021473864
-45.99501028677247,-13.605380675527245
-45.99758983783982,-13.595595897811252
-45.98839258066471,-13.597792002856618
-45.8898075803948,-13.637960998712757
-45.880142720455666,-13.636044149489734
-45.660873180534374,-13.73499249107455
-45.62847958527819,-13.743251539344472
-45.60156195460019,-13.734351364427637
-45.55961589939026,-13.727155614580875
-45.54752913218214,-13.722531760432094
-45.550387104141585,-13.710521268386987
-45.5621397659797,-13.714945052048726
-45.57139649164723,-13.72971898416551
-45.57373921084064,-13.719457201824879
-45.5784345925355,-13.707910956969775
-45.581112424537096,-13.7598996460605
-45.45851621778446,-13.486676907201431
-45.171720661655826,-13.505348515097776
-45.16358762546453,-13.49819073864941
-45.15331542826822,-13.49379656348753
-45.82413152063685,-13.358052010015353
-45.77854851394754,-13.352616573758027
-45.089287068766936,-13.481921249488899
-45.66804092824094,-13.366004543359777
-45.99393889010143,-13.231647836036268
-45.98007387097451,-13.188058835306355
-45.969545146673134,-13.186766587399381
-45.96164536171853,-13.180135597056514
-45.88074644842599,-13.168195698031335
-45.92891205945913,-13.171730683759382
-45.92041277665206,-13.169776814311222
-45.364076472337935,-13.244329440378634
-45.353168214657494,-13.243316636601024
-45.34229720243148,-13.24232429556939
-45.78309085729535,-13.257075451330074
-45.7923091479458,-13.256115706600255
-45.89164220047722,-13.031245415726433
-45.886831151040674,-13.04301897342314
-45.864998389853966,-13.038449228341001
-45.87496442858646,-13.130084778151167
-45.87084084039787,-13.139671743008805
-45.88092605639356,-13.143972652515757
-45.885105698413135,-13.133966051631946
-45.88931777662846,-13.124326908875227
-45.8791145511257,-13.120517365131983
-45.13422583171331,-13.206061463807567
-45.12439804857008,-13.201840562016766
-45.40017458582467,-12.818005506261553
-45.11198581299254,-13.198045507944519
-45.365328103445655,-13.233373639747574
-45.354510114125766,-13.232386403017388
-45.34363115720238,-13.23136396485683
-45.36663215504739,-13.222738906887807
-45.377856057491194,-13.223856837852514
-45.38878108502568,-13.224861949129032
-45.390027871230885,-13.213905730969005
-45.379039133811325,-13.212793091049877
-45.36796539648348,-13.21180198254086
-45.35708507617688,-13.210810514283574
-45.35577343099316,-13.221756590800375
-45.34487872766875,-13.220749857593125
-45.346162082016065,-13.209752831045806
-45.40226987951888,-13.203417790543497
-45.3914016254624,-13.202392678012584
-45.38036200839914,-13.201414142456802
-45.36931951475448,-13.200366627673228
-45.35838289235675,-13.199377583011463
-45.347547052380115,-13.19836383982677
-45.403515162767306,-13.1924323141446
-45.39270457725226,-13.191464093803457
-45.381750240810995,-13.190433378252076
-45.37062258306895,-13.18948520979554
-45.35976852464415,-13.188430360092159
-45.34886363105157,-13.187428651805678
-45.977373711557505,-12.954449770335815
-45.96824952776017,-12.947863893974349
-45.95780232291878,-12.943521835331373
-45.947306718534044,-12.939200895398194
-45.935039142796576,-12.933836957114629
-45.20836042082786,-13.120009140135103
-45.19839729601869,-13.11578161643431
-45.1903400824471,-13.10874276689751
-45.19024309684744,-13.098380078256012
-45.134467376015465,-13.088331926391948
-45.12430375797918,-13.084976538697108
-45.10625980181226,-13.077785924112117
-46.04198699140939,-12.881156105537949
-46.03250788256453,-12.876484630615685
-46.022158448514915,-12.873298784405744
-45.89668170319642,-12.90512279565096
-45.9018631842031,-12.896153596057541
-45.53003975156696,-12.955006979710463
-45.519659935215635,-12.951774780073803
-45.50936643331922,-12.947820773125253
-45.49794367306757,-12.946119705468922
-45.51772180116523,-12.933972859027651
-45.507058993883064,-12.93193196536365
-45.49757932143729,-12.926407500709558
-45.487387265791206,-12.922348678219743
-45.49147710438672,-12.912105745022629
-45.50167819078427,-12.916067728474703
-45.52298048456529,-12.92084683734355
-45.53325295427871,-12.924077013282607
-45.53716016495946,-12.913954299985653
-45.52753334774925,-12.909144708423595
-45.54103015333189,-12.904063001049117
-45.5105800823339,-12.92225512027465
-45.52839094669592,-12.93491285050294
-45.557445281761815,-12.943610824610118
-45.56103287421111,-12.934754642578353
-45.5661939103975,-12.92663098038159
-45.55514664242796,-12.922312997722438
-45.55162308725745,-12.931273181089988
-45.54804528839365,-12.94013349771606
-45.55882535916093,-12.91304141837521
-45.56870123711262,-12.91614623007255
-45.544770183838814,-12.894324488750314
-45.531433655553826,-12.899332053781588
-45.7889921569953,-12.899140442927129
-45.77811355344083,-12.899851318932008
-45.77224603960198,-12.891142192297938
-45.76337154181289,-12.897265598501212
-45.75405320990303,-12.902636649859318
-45.75362356549295,-12.892040425109892
-45.762724278854876,-12.886084066720976
-45.75277193794815,-12.881375340761526
-45.741993739413914,-12.872227934319225
-45.73013475838223,-12.868884969794358
-45.720338051327204,-12.866139012568649
-45.76478015727593,-12.931146140029092
-45.76586611774219,-12.942559903491796
-45.754021802804075,-12.937754488242339
-45.751195839349535,-12.927665201252083
-45.76448153463556,-12.915692192054081
-45.71889443272445,-12.909184668829388
-45.71284216246876,-12.900790847765657
-45.70229949727341,-12.901994998723714
-45.75152178953982,-12.917989790910294
-46.07409297937977,-12.747062613212675
-45.759875088874026,-12.807768686710192
-45.72205446594794,-12.847346649157018
-45.7119177032593,-12.842920456584062
-45.70109459991919,-12.840578783839378
-45.690524316471276,-12.83736249703453
-45.68039619685006,-12.832336948542391
-45.407080781268505,-12.902838138996987
-45.39897410185531,-12.895742058611768
-45.39266777364402,-12.887291582122629
-45.408871114554195,-12.855197536142288
-45.39886781467078,-12.851510263801444
-45.388372013559085,-12.848577645371288
-45.39214160926765,-12.838768449281542
-45.40265641124713,-12.84161032362245
-45.412693197772434,-12.8453196414636
-45.416471456278046,-12.835530404101045
-45.40649028167929,-12.83179125407695
-45.464902191446065,-12.875909348534346
-45.455018106577285,-12.872289062913236
-45.458682694648424,-12.86256406772898
-45.468515671835185,-12.866157886181133
-45.448529358693484,-12.858786116281529
-45.438576853950316,-12.855208359752213
-45.60482111157799,-12.806283949913288
-45.47847925751307,-12.86983028270864
-45.48230516420862,-12.85980254697606
-45.47241077000795,-12.85622861842592
-45.46247735207278,-12.852567256454439
-45.452395149197955,-12.848868668110798
-45.44239599787149,-12.845221897720089
-45.44612044761877,-12.835567363114029
-45.45603552331206,-12.839117614257908
-45.47607312227172,-12.846460840799017
-45.48596597104758,-12.850134766424606
-45.50830146136554,-12.898284555451484
-45.496786343181675,-12.893873177286697
-45.512694404157806,-12.887177821963181
-45.50128823889989,-12.882840103010269
-45.51716505787972,-12.876093260911789
-45.50573686127728,-12.871692879373645
-45.521642940725144,-12.864945623444886
-45.51021738427658,-12.860560531535551
-45.66136730624232,-12.859817660671576
-45.65031679994798,-12.85675491995205
-45.63521042067229,-12.854586374620505
-45.6249536361148,-12.84964303124093
-45.61495055084899,-12.844450600205848
-45.632627643121154,-12.839985907521262
-45.64381187781204,-12.842388882309807
-45.66574638866272,-12.849270240967096
-45.654626381544126,-12.846339690502667
-45.627507003408894,-12.813675981041778
-45.615928522003365,-12.81099360912358
-45.63049178123552,-12.803391978904727
-45.619657336548265,-12.800673258631653
-45.921025262532424,-12.674141141136932
-45.63717069458149,-12.693462532771303
-45.64511429895192,-12.684930303010514
-45.532883135811375,-12.781105922500252
-45.60835439163866,-12.796421591058671
-45.59722398616951,-12.796679684686378
-45.58720248166642,-12.79342071095399
-45.58467589555733,-12.783228548460935
-45.42883419351916,-12.851383097854654
-45.4326978446653,-12.841360997923758
-45.43635038384275,-12.831609217855588
-45.42031768518457,-12.825455093690266
-45.41029650763419,-12.821756682571458
-45.396341345604824,-12.827821762275592
-45.45883868249609,-12.795669435273059
-45.44905664166263,-12.790300285730705
-45.38272652229036,-12.776377086351019
-45.38817663539646,-12.767347970856594
-45.363368748931904,-12.762399197669414
-45.36990490404845,-12.753919040085243
-45.474920478019705,-12.879428515184749
-45.426764442058165,-12.811953720652884
-45.43134855501833,-12.800224902689017
-45.36051157879523,-12.747496836076829
-45.35002233924076,-12.74266631545452
-45.36374223644713,-12.752009909491672
-45.33080323737033,-12.64620222493114
-45.322725585528126,-12.652863077498056
-45.33786731623442,-12.654496846800669
-45.26576725495645,-12.610286066834568
-45.275309848322294,-12.604556034214395
-45.26361261223443,-12.59981813470872
-45.27289599901258,-12.593378132190573
-45.290032862765734,-12.600888326384414
-45.28864518387905,-12.590391188814824
-45.28676409189892,-12.58008591851626
-45.282377159319545,-12.566477226762169
-45.275538122301704,-12.552357360285441
-45.26543704440981,-12.54814023196768
-45.31032265266944,-12.574909596939976
-45.37232916853302,-12.595325317111156
-45.374794377758384,-12.673979678793307
-45.37007813804117,-12.66392693287979
-45.61880237077069,-12.5172932791381
-45.81987973637816,-12.625035009213992
-45.9060852665059,-12.377413886870588
-45.89373628214387,-12.374821164576447
-45.906311169212266,-12.367298022316659
-45.89611152251937,-12.364564402005616
-45.51660094335045,-12.683400426707472
-45.67348986197584,-12.586688322735752
-45.66314053486572,-12.587242666007617
-45.66601461890482,-12.596870239115354
-45.3724762968144,-12.739100375844197
-45.359136030505326,-12.733597377524598
-45.32659099147782,-12.751806930386987
-45.33339455660819,-12.743471970999014
-45.27521138548767,-12.818375512175923
-45.26673241054407,-12.812126781115794
-45.25653889737104,-12.808795514255573
-45.26865963997187,-12.829418530896007
-45.25967448246112,-12.823698238193566
-45.25045479666278,-12.818349643668295
-45.29701736507891,-12.805629591337766
-45.28816812583719,-12.79787989775273
-45.27815532142334,-12.793252554165738
-45.267775080336335,-12.788747381796341
-45.25301552125094,-12.790004129761533
-45.24252113048792,-12.789107881051665
-45.23125017706013,-12.785986174806611
-45.222143209852554,-12.780778208526122
-45.21278492502297,-12.776151616158655
-45.203140339434164,-12.772077261028887
-45.193516508776554,-12.767993059600636
-45.184927467943595,-12.762027805879015
-45.293932049480105,-12.786502953232752
-45.28275236720119,-12.782802809127368
-45.272655517301274,-12.778448602691432
-45.261912067163934,-12.77543755877534
-45.251068977212086,-12.772807551274385
-45.25138491258717,-12.7619766971744
-45.26248254043022,-12.764095568978792
-45.27377871004939,-12.76727784569246
-45.285106258646145,-12.77107331021637
-45.29621038765585,-12.774813464632857
-45.30593225088732,-12.78132171919912
-45.30962065103205,-12.770167920391932
-45.29997890086983,-12.764305374671842
-45.28950910784067,-12.760427959619392
-45.27813918324806,-12.756568032402939
-45.26684637520704,-12.753413406594296
-45.29386494537789,-12.749721468106964
-45.64647025180305,-12.657410913179316
-45.653868165205935,-12.649646422230118
-45.635342493197136,-12.680349381022227
-45.62535986966101,-12.67592036963644
-45.638650160795194,-12.640528882125192
-45.628943129692594,-12.636093029203206
-45.645468100558794,-12.632529345084421
-45.6356244931972,-12.628027092966901
-45.652240349185526,-12.624400768505643
-45.64243102128382,-12.620039445374656
-45.4206638221215,-12.699857117866982
-45.424147903358275,-12.689799497935143
-45.3399568199923,-12.735513060884903
-45.38134664416606,-12.728283689083609
-45.36819343680532,-12.722406974507283
-45.282482657162625,-12.745910934111125
-45.27124413228707,-12.74273367353648
-45.25996061199921,-12.739325210601823
-45.25573230063094,-12.750090201953123
-45.22258771878407,-12.747892607182937
-45.212778028529684,-12.744199675557578
-45.20920579388565,-12.754406384464184
-45.19941567079617,-12.75070284124259
-45.18959892132067,-12.747007634918123
-45.193132992590385,-12.736917076854661
-45.202947305704285,-12.7405692114418
-45.71146666663824,-12.515188621603501
-45.69962700858587,-12.513257392322732
-45.77320457373713,-12.542800519758089
-45.76303182942406,-12.53896521244727
-45.79254621050062,-12.55289701386085
-45.80031347643498,-12.561747848536143
-45.81104081625657,-12.559757705944493
-45.82168620775116,-12.563820978611526
-45.82811050637193,-12.572848970046605
-45.83304779596242,-12.56319934589852
-45.86844517731563,-12.561915465292978
-45.87856650945348,-12.55684514974549
-45.86273744608519,-12.553000848786963
-45.872311970569676,-12.548060171599221
-45.8545123061541,-12.558184266277973
-45.853596245810174,-12.549869573394693
-45.93503602363557,-12.49898164368531
-45.92666624332324,-12.49240920277863
-45.93901795006046,-12.489250631828561
-45.93088235878564,-12.482540824896109
-45.9160209105925,-12.48752164572132
-45.538349168138296,-12.490584311820665
-45.62388691712106,-12.507461713120884
-45.61181210640634,-12.508730644501153
-45.62810221911378,-12.499171208766535
-46.12299845718883,-12.369489676165975
-46.13352939208638,-12.372724226805085
-46.11277181696049,-12.376922125656826
-46.11285273177236,-12.366871648793145
-46.122002487691006,-12.359086279357644
-46.07462501042163,-12.301339469990562
-46.08417131983245,-12.307633256979555
-46.04043957344701,-12.293685865758016
-45.455301976866465,-12.43840693974176
-45.44235217075169,-12.43871522738657
-45.445103327449296,-12.424927144659938
-45.4584012421017,-12.426935949757949
-45.9538596816226,-12.328187238396863
-45.937949752029446,-12.326505404602667
-45.721068079488056,-12.443991714264753
-45.710869709665594,-12.44131713791133
-45.690562413631994,-12.436153843560032
-45.732020943406916,-12.448006510531801
-45.7319828150469,-12.45852873891957
-45.72225002669224,-12.454180260846188
-45.71325543813453,-12.450638169487224
-45.70409527248269,-12.448783729157201
-45.6938851361362,-12.447170523101835
-45.701542746050094,-12.439686569303046
-45.684129627504944,-12.44365048977175
-45.67523617797613,-12.4408503360363
-45.680934343203056,-12.433411693588484
-45.67164653791317,-12.431931793915883
-45.66213477013706,-12.431985089230293
-45.653092227557686,-12.434278822442312
-45.64421018576469,-12.43788122474143
-45.63546534470736,-12.441287410046163
-45.62554362554626,-12.441605161598089
-45.665715133582324,-12.4406114189053
-45.65657705426895,-12.442958278596308
-45.647915411002,-12.44662044230199
-45.63896888452263,-12.449844533787438
-45.62943696318461,-12.450125637569716
-45.84643329263791,-14.70178356838969
-45.668199481144605,-14.766031800386028
-45.65972764831822,-14.7594184510399
-45.838404436706234,-14.694365480369951
-45.83032246480471,-14.686932339954451
-45.81273213910714,-14.669755540749625
-45.79997466827654,-14.660346743202089
-45.79147184293679,-14.653357507971267
-45.78304916989632,-14.646708092743784
-45.775650405778606,-14.654592261503634
-45.77532617438181,-14.639240485919876
-45.89453898407347,-14.62556108657891
-45.887983748217366,-14.618562670683039
-45.59453188719585,-14.066235479732102
-45.58327531276749,-14.065338567291779
-45.59781684117593,-14.055807756336614
-45.586185208311754,-14.05485922246331
-45.47964633882285,-14.04852653785456
-45.469260829133674,-14.044363866284465
-45.458497624779504,-14.040685234518845
-45.44943310432812,-14.034111630053241
-45.41521586833981,-14.020627559431718
-45.40816316972229,-14.012469506168035
-45.40252755165166,-14.005200843850382
-45.394998010124404,-14.000397282592823
-45.399014555937825,-14.047953376641777
-45.392526482191265,-14.041938419414059
-45.8678375566944,-13.889706516279173
-45.87372218285715,-13.880961298564099
-46.083273774628275,-13.947202802432992
-46.070406354718024,-13.947136134144499
-46.09320778717935,-13.807730765262463
-46.09662992461196,-13.797852164309845
-46.05974585645483,-14.070799412503275
-45.75935072218021,-14.308113948055157
-45.85752654506157,-14.40906441707834
-45.84782918656029,-14.59301966636162
-45.85570573488736,-14.586120151527401
-45.844921881261996,-14.582082516489347
-45.834772773359695,-14.58991751141724
-45.80679632410427,-14.586051731471375
-45.79847050684303,-14.577860170225936
-45.8333815032962,-14.562779633010498
-45.795605708818634,-14.592826344049278
-45.789419406993574,-14.586286485244793
-45.78333256549583,-14.579919804964948
-45.777477701447694,-14.573674679789349
-45.7735911225209,-14.612685505024727
-45.77698297215115,-14.6049402340152
-45.768441681708076,-14.60608310892062
-45.76274222120265,-14.59978940633144
-45.77119504515251,-14.598121457965101
-45.76009234173464,-14.591869615067587
-45.76657603646117,-14.632953570443002
-45.75990862900212,-14.624532042222343
-45.75202050341598,-14.617231012301868
-45.74400615313007,-14.61000966814652
-45.73631302154006,-14.6025546635791
-45.7297484504962,-14.59386909553633
-45.74433726903769,-14.62484566505817
-45.7346293120571,-14.620070832724164
-45.72784108838968,-14.611158686145666
-45.72081651484715,-14.603043579459163
-45.70702383384872,-14.60186486510066
-45.714505882567465,-14.594089008998242
-45.721966281497565,-14.586121141915173
-45.803577738021815,-14.582669783448269
-45.434310870106565,-14.595371372683294
-45.31572958573682,-14.685198488404376
-45.27662140949846,-14.649133981472483
-45.26649241877379,-14.645319541247078
-45.25634441030377,-14.641120629688753
-45.25276258430619,-14.65173800904999
-45.24118576104042,-14.65034771444119
-45.2460630347497,-14.63603287137072
-45.25957637457296,-14.630235121000469
-45.269269838079275,-14.634760397078189
-45.17076543659849,-14.556118527940857
-45.16252689403388,-14.550507937858953
-45.16292182927785,-14.541212570358693
-45.17972412735732,-14.566980572162823
-45.18248029074966,-14.556804280598172
-45.19537616491808,-14.571257651371905
-45.203672738704036,-14.577815610449013
-45.54970637938567,-14.438913901003833
-45.53506289202098,-14.417326110325016
-45.524748400429935,-14.408492682909833
-45.56282817179316,-14.418225114552374
-45.57463174033792,-14.417601716719238
-45.58055119248704,-14.407836426926526
-45.569605834545285,-14.402289014146199
-45.5814712023583,-14.39642019044835
-45.59156161093801,-14.390526637211192
-45.57181409194584,-14.39065592038234
-45.55675029333905,-14.397359637209131
-45.59172192952639,-14.379090254977358
-45.5811782960845,-14.384426352285326
-45.561137897816025,-14.38727764949993
-45.550070818661716,-14.38845655043163
-45.5363426073596,-14.392090810616882
-45.54156609668084,-14.381558215720975
-45.52795482738822,-14.38395529567934
-45.56947704161706,-14.379697218693481
-45.55428829823405,-14.378424218290705
-45.55664082710266,-14.368363448697563
-45.58951121104658,-14.368044028519062
-45.57910997200369,-14.373299819532892
-45.56832646387418,-14.368146038045625
-45.57967076669543,-14.36176940861851
-45.571647162525544,-14.35439250515758
-45.56119283636909,-14.359604401478663
-45.55162434767669,-14.351725403050985
-45.56438503563476,-14.348482126930648
-45.55682985363492,-14.339711580033958
-45.54482731560713,-14.3424862653444
-45.55580766238076,-14.328342628388363
-45.545228795542506,-14.323829787173079
-45.536376171662546,-14.332174224888242
-45.52491642173289,-14.331496901010915
-45.5225937352306,-14.342179068483945
-45.53912948649854,-14.352508269202623
-45.54746689784869,-14.363687221600001
-45.53410764853802,-14.372678998928137
-45.52191473442341,-14.37438522374751
-45.519333659132656,-14.363545133344143
-45.5315899001559,-14.361263540205524
-45.52404224042742,-14.353057260266137
-45.509155701664014,-14.355478472468068
-45.53348369716315,-14.342943015265448
-45.511575480648744,-14.342417547531088
-45.500920601674686,-14.346659285327705
-45.5128837679105,-14.330340483089062
-45.502319787434224,-14.335586236310045
-45.491864285061524,-14.336371858763348
-45.53787966688178,-14.314980108803866
-45.52660158258943,-14.320268487647395
-45.52874593304901,-14.307880156506965
-45.51627742029947,-14.306190945488801
-45.51098118076186,-14.318411663060546
-45.500422039436714,-14.316186695069183
-45.49636753190401,-14.326750446343093
-45.480971844495585,-14.328523084102185
-45.485310902233905,-14.317628405917159
-45.49329317012793,-14.306662614659285
-45.48160033219162,-14.302920933167002
-45.47591908597211,-14.312455807234526
-45.46659004243107,-14.307345404700671
-45.47182915743759,-14.297664824749045
-45.482802547691456,-14.292275638515088
-45.49455920052633,-14.288894280196008
-45.50614689488853,-14.297080652901727
-45.51766744537638,-14.293380788638025
-45.50672321113257,-14.285265719568152
-45.4955416277773,-14.277703957648441
-45.48421664304096,-14.279807875034432
-45.46251263206929,-14.29239937316707
-45.4731434493509,-14.286573436440879
-45.457270430363785,-14.302078662968627
-45.447919438559275,-14.29691984690117
-45.45125942426,-14.28555981785105
-45.45239305661046,-14.273854576006054
-45.46539340098917,-14.276882566105886
-45.47823551615817,-14.269403584922626
-45.46733616769647,-14.264577658442544
-45.4549782040637,-14.263140207586611
-43.67495886420368,-14.053658676593216
-43.68153814064395,-14.091973766250359
-43.69914238072052,-14.15120995678868
-43.693518437096614,-14.15277890217092
-43.69339758596233,-14.147035140121156
-45.25336107347759,-14.74358989936515
-45.264794653692206,-14.655899390884942
-45.27461244334639,-14.659919079689287
-44.46985226743354,-14.310029049395263
-44.459107540494934,-14.307613172250084
-44.5429159454964,-14.273572893349963
-44.66595261682474,-14.180043357391773
-44.42199745016268,-14.269957559049853
-44.4221079824618,-14.267053269983064
-44.23255826120088,-14.233643615824851
-43.53663383180185,-13.213942251287305
-43.589139664467744,-13.267635394221914
-43.607490187833704,-13.219658868228809
-43.61062604104613,-13.20951414722437
-43.60137137128985,-13.205998273718512
-43.589437953621605,-13.2118878441335
-43.54458907227636,-13.183785944667472
-43.546622010029495,-13.176746602877623
-43.533739277188225,-13.171653961137613
-43.541740781446116,-13.161226832031375
-43.56561088544651,-13.135527455648393
-43.57286018350951,-13.128547116422395
-43.5630828074206,-13.125875541697338
-43.554090056640305,-13.130462265167285
-43.58100692551158,-13.134403525306341
-43.58552180310716,-13.125498181838111
-43.33506202762561,-12.748917728390824
-44.317545327628785,-13.596377687010323
-44.27366362970401,-13.54920638353513
-44.27067215717507,-13.542496823472726
-44.26279294357048,-13.547588570917773
-44.25803696788723,-13.495756775345072
-44.249771829309275,-13.498056246728476
-44.246101929962784,-13.488447591865722
-44.24829808724847,-13.427774496897541
-44.24526196506464,-13.422139618995564
-44.311423732364375,-13.397632331014242
-44.71098014924415,-13.361445517618039
-44.672830803218346,-13.354835218290228
-44.678523913956404,-13.347448757313837
-44.80410966551145,-13.396264812041151
-44.814618785130214,-13.399888470883646
-44.36639310946065,-13.422920883684641
-44.10638080533727,-13.383152861892581
-44.09396532454911,-13.375940125587254
-44.08423438486508,-13.373468517458722
-44.08190127637077,-13.380706877932068
-44.069125047383714,-13.376517740049815
-44.07090872962076,-13.371187336674495
-44.06305176550489,-13.371291401991062
-44.06107753049743,-13.36264174358214
-44.06770396302512,-13.360855155285195
-44.06536271774719,-13.357915131451941
-44.10414801309504,-13.356987360035824
-44.09380157219848,-13.35711914413556
-44.09870345434086,-13.34812264494103
-43.397003680978486,-13.192208257643369
-43.62684820850113,-13.212388147132986
-43.8190576347672,-13.257790104895857
-43.82467391123387,-13.249845232190596
-43.8137151439766,-13.238796601776063
-43.79559571711323,-13.238885645941203
-43.78648785155947,-13.234140102010864
-43.773277130573405,-13.239695589254362
-43.78267206360829,-13.243735862778575
-43.76358675431057,-13.235702834503421
-43.768262675852604,-13.22606320896351
-43.75959078578463,-13.22098726030607
-43.74725159661957,-13.217426492048066
-43.82771044417536,-13.227619775006321
-43.83094038161711,-13.203807760787335
-43.86979861726177,-13.282563262048411
-43.86721653451547,-13.277131059263368
-43.875406766076274,-13.30304779576218
-43.857518499249856,-13.320393126750796
-43.849945792585274,-13.32049072180174
-43.85412036242383,-13.312559520396276
-43.99180820294114,-13.309111538289933
-43.99061354053448,-13.302976909683647
-43.98174618170721,-13.326271940086823
-44.00193257463582,-13.332597428296234
-44.00461675672676,-13.320595214150595
-44.05950935103247,-13.350373913262887
-44.04874188711816,-13.350133542709283
-44.04744360736682,-13.35424041546589
-44.02411388918187,-13.34949731062504
-44.06404506356892,-13.338586619950206
-44.066274700846655,-13.331700624101051
-43.92725386753799,-13.419744728089539
-43.914603222926104,-13.333992294223078
-43.91798201567692,-13.323463079966107
-43.90736606915923,-13.323590064171071
-43.91741479312549,-13.313096707474136
-43.90736781760788,-13.312314328797285
-43.909049059896304,-13.304718330341212
-43.93412109116069,-13.311155495387249
-43.933693471670416,-13.321060548078076
-43.76652233366969,-13.196762305501332
-43.77230422861802,-13.203807433591502
-43.76745480837847,-13.147971238687093
-43.730378241215725,-13.179904280524308
-44.34592924310561,-11.795893677257705
-44.38439681333283,-11.784333523583024
-44.32345532555858,-11.78756229467386
-44.147191274864696,-11.630335276492838
-44.62683812706123,-12.560851859479326
-44.72813946308844,-12.753172747600024
-44.73870080261282,-12.75070525697215
-43.7545135104941,-13.153843676513109
-43.75727358653968,-13.144401609453581
-43.74025694477492,-13.146017124126942
-43.74505016210943,-13.136600259189233
-43.75701773208603,-13.134462105761623
-43.768031373318976,-13.12859749885293
-43.77160314260994,-13.138559641940375
-43.756660030575695,-13.123758545975823
-43.77034030995492,-13.117591403475288
-43.76881764354352,-13.106613369522822
-43.75956445277982,-13.113077629419852
-43.77463276190943,-13.116335336060935
-43.73413407896988,-13.167114478174266
-43.73771469831966,-13.158660588116714
-43.751544871653905,-13.167157391813678
-43.717940643838006,-13.171944329760564
-43.69356175796153,-13.163103581953235
-43.791640262119614,-13.248597726492847
-43.75508841278452,-13.23000078134683
-43.74454352442343,-13.227211450076249
-43.734589660687575,-13.225640622657531
-43.72580309374837,-13.222473763209674
-43.737472296602924,-13.214869192873506
-43.716821391794504,-13.211727406824165
-43.70992539145904,-13.219775327014284
-43.71747305361644,-13.225277897807842
-43.709980720613956,-13.230676465060702
-43.715874126428794,-13.238829694139353
-43.7228332753563,-13.23284400490624
-43.73191352716512,-13.235525974581675
-43.72536645871845,-13.242986903985603
-43.74188819268538,-13.237256789231225
-43.71954427852437,-13.202977824061783
-43.70984040918292,-13.205822051396748
-43.712248828428514,-13.196304219436186
-43.74840098162168,-13.182055758054707
-43.739046016521314,-13.182285794446846
-43.74343503046417,-13.174137622186942
-43.755942475729476,-13.176016597842438
-43.76338408054745,-13.169257943480014
-43.73547799327078,-13.26074369470531
-43.72587126996933,-13.2614647457212
-43.71461059413897,-13.26113645381433
-43.710037408871344,-13.252345890383127
-43.72799688472465,-13.252529602408346
-43.7380715899047,-13.250943673056375
-43.732363309760395,-13.272133802786122
-43.72276477767918,-13.27524642896467
-43.73049701558339,-13.281179139114528
-43.72688550821126,-13.289535210177682
-43.71807918729449,-13.284736130317526
-43.70930857111788,-13.279921441005825
-43.709452715326606,-13.270054606142322
-44.34238791900064,-11.039297825022391
-43.99683316410814,-11.515712677258527
