Long,Lat
-45.93511961788563,-14.855222182236169
-43.395704355605,-13.191529359791915
-45.533269287743146,-14.822387646749632
-45.53073546876293,-14.810114152620265
-45.53795057602495,-14.798353522044124
-44.25618117361745,-11.781042936442788
-44.42186088791979,-14.268752425767266
-44.400365604383154,-14.26629275134718
-44.42511543773871,-14.26793780269553
-44.422549225952025,-14.26485878633741
-44.315418168310416,-14.246866162248836
-44.09405282990548,-14.276036818108697
-44.28911318393027,-14.254874210858238
-44.29425306685907,-14.252610991129446
-45.950476549966254,-13.666324329736074
-45.70338834105337,-13.670284736071743
-45.68685073966829,-13.681282180149251
-45.70364672477608,-13.686049602641864
-46.00212525475989,-13.762134897058644
-45.988774273005724,-13.79403120964976
-45.98498955772314,-13.80443032144182
-45.99321020943111,-13.78374370563191
-45.979147971355125,-13.814356238589081
-46.00794190047415,-13.779086779525628
-45.974891137806935,-13.824775263762266
-45.9713200259398,-13.835430063736975
-45.68782630406622,-13.664663906567203
-45.965263647205006,-13.8454404549786
-46.01143769817633,-13.769643763719412
-46.14105185056848,-13.97059558309854
-45.99770855588433,-13.772668078186967
-45.20531760925425,-14.238910809921801
-45.216335294951705,-14.172361187038364
-45.455382814178286,-14.468304076469927
-45.463459834455975,-14.47691404055398
-45.4486368640231,-14.46617191901691
-45.4473259015752,-14.460334816719302
-45.45661435554193,-14.474364497595435
-45.701595928377216,-14.417707193392932
-45.70953362724413,-14.424986655179598
-45.70746244907087,-14.404731747746201
-45.71470067053204,-14.415033406804579
-45.19327475752087,-14.231811482713479
-46.12793253241043,-13.97042385667921
-45.415985357785324,-14.28008893166226
-45.758032803279036,-14.309847754877694
-45.419754408012594,-14.256174497080195
-45.44353368567471,-14.249893656113619
-45.44289434901351,-14.261838599350309
-45.42954611969894,-14.265004394664931
-45.21640220395149,-14.244029016355256
-45.46558431247267,-14.266949851290704
-45.432082740895886,-14.253472646322056
-45.45063609530327,-14.275872154224741
-45.437491426144774,-14.284647856861643
-45.4331605752012,-14.307765040618046
-45.47115344396367,-14.288812057578486
-45.48186253121726,-14.281462588083901
-45.47659445710573,-14.27164068375482
-45.456084846830166,-14.304323031075516
-45.46119744078746,-14.294527415394237
-45.44630657392746,-14.29881471592556
-45.493744299939564,-14.279710138723846
-45.46492433930091,-14.279547523991859
-45.45090769449891,-14.288424624753585
-45.42805089026526,-14.27695299399863
-45.43622851286696,-14.296507014078628
-45.440674393118144,-14.273197323118186
-45.50451748125312,-14.28769433553147
-45.493026665660786,-14.290963166269297
-45.465023879064674,-14.309101471965057
-45.47540360674438,-14.314481686410797
-45.514959927628595,-14.29524025978722
-45.49146887395189,-14.309095038167388
-45.48021527347149,-14.304696534981108
-45.48349979483095,-14.319591319760253
-45.49129703720982,-14.339889786993592
-45.478688270325634,-14.330874629936247
-45.50443138784813,-14.298684153202784
-45.470136250388386,-14.299597318787534
-45.48078425965528,-14.294056375455902
-45.494725571365365,-14.328748378115332
-45.45293485417533,-14.26515631752925
-45.49917271474821,-14.31816698551188
-45.509497254627234,-14.320353430713865
-45.50051805409313,-14.33729415134542
-45.511068670170836,-14.33226966174233
-45.53588002898556,-14.317011281718855
-45.54286442926518,-14.32565280759193
-45.55377657701301,-14.330186830170454
-45.555284520965685,-14.341791077320497
-45.523624400438756,-14.333651449325068
-45.5098071763334,-14.34441703460185
-45.49949205546302,-14.348681460658044
-45.53601721899971,-14.334414407618915
-45.531442782374114,-14.344684459611942
-45.51784147955048,-14.365546019504635
-45.520955271071216,-14.34420216419019
-45.50733182948781,-14.356833577067878
-45.54335738487208,-14.344730498456682
-45.52231423097693,-14.354893787681188
-45.52691211477628,-14.309794683209656
-45.53756006353383,-14.354641282263842
-45.52501006126971,-14.32243897461036
-45.55004143323816,-14.353794219914278
-45.520494714356026,-14.376554587633475
-45.532085534587765,-14.37464216175185
-45.53982504535717,-14.383741889949707
-45.53493720227057,-14.39391742614135
-45.55558254108776,-14.369764376942697
-45.54506710048642,-14.366143694805821
-45.52607569298128,-14.385747715968014
-45.553650687223325,-14.380741176936755
-45.52985984737614,-14.363416144568928
-45.54879636240819,-14.39028797188362
-45.55473445357228,-14.399039151611209
-45.515858572278546,-14.3089647564471
-45.56395805554634,-14.349937672776417
-45.559858689538586,-14.36163293271917
-45.56998971939683,-14.35613680971995
-45.5872126804575,-14.369581124071233
-45.579857849358646,-14.386441478247288
-45.5902345215358,-14.38150416862121
-45.589865328595025,-14.392677826852548
-45.57968716593601,-14.398521014364698
-45.57015868833656,-14.392568375195996
-45.566178433091295,-14.369848178581039
-45.56912415765679,-14.404830300467452
-45.58018332519269,-14.410063721545665
-45.56799052247047,-14.381921768436195
-45.57278612293203,-14.419576138515655
-45.578642196806356,-14.375407161532685
-45.539240815353125,-14.279688734543276
-45.57764618179178,-14.363528441442224
-45.5413589584846,-14.286472652819263
-45.42444583758746,-14.230200579075174
-45.44433967642685,-14.187928108445611
-45.546534222060274,-14.281153385689596
-45.562489395035016,-14.42067043737583
-45.77636547829641,-14.575131792128573
-45.79006791679521,-14.562863066913678
-45.787662109384534,-14.58736495618875
-45.7828880313988,-14.581397189737288
-45.80200112225684,-14.57943330202554
-45.79394024997792,-14.594168134792834
-45.7707006897533,-14.599493806174687
-45.76198144161777,-14.600844823222921
-45.76732985191657,-14.606966468242412
-45.77617131626873,-14.606196228729148
-45.75871269073983,-14.593275643813953
-45.77237658404695,-14.61352303978637
-45.56076472002719,-14.389492690521276
-45.80503028375322,-14.587282600777472
-45.78112097919323,-14.554993114967214
-45.541145747477536,-14.842279662387842
-45.551943738031724,-14.845397963486862
-45.52830272817644,-14.850806152630128
-45.41780493358109,-14.268211672710969
-45.51734696782585,-14.858635983839616
-45.52784682818268,-14.86616054894179
-45.5180788489473,-14.87243015040809
-45.505987369992695,-14.865448636595737
-45.514300199580134,-14.762990299590047
-45.502373950767485,-14.756003284277087
-45.52842435828329,-14.758353376133797
-45.558982657046,-14.83448668474988
-45.54103372333678,-14.81794924137122
-45.547918635674826,-14.829763400686668
-45.55867122099622,-14.821860849407635
-45.509813501921215,-14.775453247856454
-45.57090664562963,-14.831132836074609
-45.51553914386828,-14.84613908982557
-45.57228815966933,-14.821408714903033
-45.523195999461706,-14.77128496882395
-45.5358359618999,-14.857632987838745
-45.54724121479897,-14.806558393120893
-45.57394315922295,-14.809611346951929
-45.54496577717758,-14.852951775241156
-45.573868649122616,-14.798301032532194
-45.56305144382959,-14.809843759304076
-45.548556355889005,-14.794076122121822
-45.561699709128696,-14.79717470073436
-45.53829058507647,-14.778931829396306
-45.568217859134776,-14.785419107216278
-45.55104422066667,-14.781517735397031
-45.58097226996401,-14.788238675018043
-45.541022440161626,-14.766410054072175
-45.57063937262025,-14.771744137444113
-45.557659619082415,-14.76834241252866
-45.545781159267406,-14.756256609803104
-45.53727805981458,-14.791476143105681
-45.5509342636265,-14.745095903705298
-45.55487533128188,-14.733476657058368
-45.519575568423235,-14.746168135246847
-45.53148198048992,-14.7461571566704
-45.50519183367784,-14.742424781345669
-45.51358193412596,-14.730938160178248
-45.53016250804005,-14.723899787630009
-45.56498038055548,-14.737173551832537
-45.602238833172166,-14.80256741142212
-45.5914837179696,-14.799780985336557
-45.61010390955781,-14.794334357248974
-45.597219510726305,-14.791639644263684
-45.65961035929223,-14.761394252708481
-45.542434797669635,-14.721916195733403
-45.53793049498955,-14.734538325194343
-45.66801642074751,-14.768013304535705
-45.52425017094521,-14.73461437378464
-45.57061172585381,-14.760038921742291
-45.89976156566277,-12.164669794738863
-45.558307846166684,-14.755357870931586
-45.8671940304952,-12.157409654373492
-45.85612574464403,-12.15346097585277
-45.85808376329559,-12.162648012275168
-45.79614534018083,-12.134358982375845
-45.80697048621849,-12.1330676428094
-45.78558250726633,-12.135701054063324
-45.80827904809993,-12.14302350810841
-45.82801981772505,-12.149246214201431
-45.78731058881754,-12.145703677574817
-45.801951882047966,-12.143390659135257
-45.78913776929185,-12.156203898844582
-45.81010482506635,-12.153372044029336
-45.77913847461106,-12.15322980809357
-45.799894300051776,-12.155118125446588
-45.77643938505442,-12.14272948325554
-45.696313608292485,-12.142828663941119
-45.696157146251124,-12.195732309541452
-45.737462686651796,-12.1461467396988
-45.7375140521644,-12.15993895484718
-45.7490201736195,-12.153500627154074
-45.40493439780259,-12.231842653498074
-45.78016419165428,-12.163506882553325
-45.845131566243225,-12.151141378241146
-45.893234282714744,-12.172765638566224
-45.38364196625092,-12.28568634677834
-45.40413867577441,-12.291867179405223
-45.391169843429864,-12.294278163440334
-45.40436060520767,-12.30401420282568
-45.394016360921306,-12.305312489587031
-45.35417638965279,-12.269164716739098
-45.35305947184952,-12.279547318351305
-45.539329362426216,-12.161295518585337
-45.54664053863941,-12.165939862555284
-45.53546901151038,-12.18584088046796
-45.3789272036732,-12.307570411464711
-45.38215489274756,-12.296225172447267
-45.39430102217801,-12.282945865990058
-45.40568775964662,-12.281073314405518
-45.5514324062324,-12.177290592013
-45.55469084811334,-12.168487887818673
-45.52228814753659,-12.171825111627951
-45.54708835628237,-12.185990283658704
-45.52542510450206,-12.191780211347957
-45.53477902657413,-12.196184853609779
-45.51526143637295,-12.190464559281853
-45.52373556235452,-12.182071945452297
-45.51990071902594,-12.199965494184687
-45.528357565967625,-12.204669474459909
-45.50841351229107,-12.19893082191468
-45.514091974381856,-12.208536210854536
-45.49847187116765,-12.1958659405859
-45.50455343857202,-12.187158934323172
-45.518851680482065,-12.215843360666858
-45.51431175343986,-12.179948008830252
-45.53155347015527,-12.174684429933016
-45.89058702461246,-12.163659745298046
-45.5398640936027,-12.17000059663029
-45.4865162420016,-12.210910187379163
-45.48456989870733,-12.18480310895438
-45.476834118807886,-12.19439645047923
-45.48934811134703,-12.174024462828314
-45.61434630016661,-12.168920503567355
-45.5891229946828,-12.182397278238545
-45.58797732245195,-12.230897177798148
-45.590039466522896,-12.219603586118883
-45.58107055659528,-12.216380410531395
-45.59221941792606,-12.209289303406397
-45.36316371747741,-12.223118199710745
-45.349095456580486,-12.226661760982832
-45.58331140421827,-12.206339650972009
-45.5767318630911,-12.226545854227032
-45.58553839716707,-12.196917215194816
-45.61321167773788,-12.181552500122697
-45.47875721654617,-12.216389504336211
-45.43129913009537,-12.284730052776524
-45.42949939093293,-12.294383679916724
-45.97636575332376,-12.177528512412035
-45.96764983672354,-12.17855829601768
-45.43955114369432,-12.287096975680853
-45.97073654185023,-12.186756764423485
-45.933103806360464,-12.185221847133334
-45.94006250631834,-12.199451365139133
-45.97870220379678,-12.186043699816373
-45.930320020435204,-12.197853614501716
-45.94851134448328,-12.185793881832844
-45.50011347042967,-12.267491111364656
-45.51027711486363,-12.267438285527938
-45.489002218061444,-12.267609956739985
-45.517783818678694,-12.27651827893083
-45.497183818152294,-12.277780233831736
-45.47783733632866,-12.268439544169542
-45.48340203181387,-12.278344655402396
-45.50750819273708,-12.277727709061498
-45.531442762289096,-12.282728148832156
-45.47507160993696,-12.284572807532669
-45.50956356996167,-12.287991539527383
-45.48809552084293,-12.288104911622241
-45.47554897977007,-12.295252900039747
-45.48637553207568,-12.298361153604969
-45.499456273599066,-12.301664467320837
-45.50136128748681,-12.287428861441558
-45.52224107126719,-12.297220157616486
-45.51174873256925,-12.298834997564567
-45.533185606203695,-12.294402315756244
-45.52018600275236,-12.286747789176651
-45.44282277836792,-12.277663578855133
-45.82863284053278,-12.11396489975925
-45.43990048499271,-12.268413529506047
-45.83469043969003,-12.122057212238147
-45.7612518968988,-12.107702585042615
-45.766862384274354,-12.116356015096688
-45.759231276534805,-12.124474750880342
-45.468285862795156,-12.20153395934154
-45.7548211188407,-12.115338943299768
-45.681931570367155,-12.132203900627658
-45.6896299494122,-12.126249715677371
-45.77062276215797,-12.126930234576374
-46.010281410066554,-12.261492575728584
-45.972436085303016,-12.237091733392788
-45.97457591951655,-12.226765517157201
-45.99383217724308,-12.254458265803642
-45.961965387984094,-12.237089514311833
-45.951384775101786,-12.236822409117064
-45.933536163730125,-12.223280508246708
-45.96441264240721,-12.227005775056718
-45.9258435921111,-12.230143890018596
-45.92920071905883,-12.23943411784315
-45.93952112062992,-12.237626248966727
-45.94421267635134,-12.228024120860223
-45.91883762093711,-12.24985537976394
-45.95376406553996,-12.226600176906292
-45.977007674716006,-12.24511622603946
-46.01402738550922,-12.162021345389267
-45.90803447491305,-12.250087685985033
-45.91379074507907,-12.24380136392744
-45.97914251297502,-12.273663734599124
-45.9669482034692,-12.268295708642704
-45.9536988277498,-12.268257903470193
-45.9393997958395,-12.284510637586347
-45.95314128746521,-12.281116217354828
-45.949444657606904,-12.30153058747614
-45.95435617975971,-12.287851702133251
-45.918045048012004,-12.27305085596964
-45.927071476014106,-12.268956026138092
-45.9271724476303,-12.279700528009215
-45.93390760087653,-12.273314098326331
-45.95321987383601,-12.314954620580895
-45.9386544315298,-12.266309515338415
-45.951104195353935,-12.329662097472365
-45.93774734411332,-12.328435810111184
-45.93771305642396,-12.312834407837801
-45.93417202983716,-12.298231786746847
-45.9143757888598,-12.313502372568461
-45.901104156416196,-12.318161898918795
-45.90670981934811,-12.256414224151989
-45.90084717336289,-12.307875615354137
-45.83254165938294,-12.241975204257452
-45.91341122633889,-12.255772570414184
-45.82484533929434,-12.248554275018835
-45.82952270298701,-12.24997187467224
-45.82756058871917,-12.243168310719131
-45.82798411311654,-12.251969288682572
-45.82821044473786,-12.253676811038753
-45.8304418710662,-12.254987118729986
-45.830770836265714,-12.256716463199787
-45.82904938635675,-12.257147996214563
-45.83172996224773,-12.258274519846944
-45.8887908278065,-12.248867887604254
-45.898348745651575,-12.253629781357674
-45.87987236906781,-12.24831289103007
-45.881835694734704,-12.256936006044832
-45.89617176101197,-12.246347661505169
-45.884390343909814,-12.265582752066813
-45.855098113334364,-12.256842361676252
-45.89276548816217,-12.263155221510054
-45.86712845459766,-12.260746904376298
-45.89087275565651,-12.255918786888198
-45.830076154339785,-12.253332443516282
-45.856626784579454,-12.266970382723034
-45.8658436832078,-12.27417978694106
-45.854847130935084,-12.281946510662607
-45.828604401401805,-12.25536538153655
-45.87623005125738,-12.294336989459488
-45.86350513653282,-12.303292402849824
-45.854775794327225,-12.308677135909194
-45.87346688941128,-12.304905076905207
-45.88491971927661,-12.303285426791923
-45.84690321163208,-12.270334768880904
-45.754828832982504,-12.26419090957911
-45.82979466661458,-12.25156791882682
-45.74344630146185,-12.274373937956383
-45.78962552489378,-12.309441936929803
-45.73042156931789,-12.269731091521155
-45.73155994974283,-12.280371802130887
-45.74011703479879,-12.28608220598779
-45.72756523685571,-12.289788323274049
-45.71704064178694,-12.285392725844577
-45.735241167245164,-12.295543239505545
-45.73973020560375,-12.31191675449639
-45.74404132812667,-12.30032911061545
-45.74749591766009,-12.29173416196836
-45.7215337644832,-12.275823347785
-45.72105863672872,-12.300115112940642
-45.71006269076792,-12.29404777274327
-45.729183081084116,-12.30498222905074
-45.68466933754008,-12.282578250182016
-45.6842947926024,-12.293128754175928
-45.798011886373374,-12.302639932875994
-45.64377897781917,-12.2740683478449
-45.64061244170251,-12.283985046881364
-45.6091937628323,-12.275356827471693
-45.60872170730001,-12.265446119280302
-45.59164995576907,-12.269268039801293
-45.582600232292386,-12.273040748125485
-45.58125332320928,-12.262624136453251
-45.58950648986719,-12.258529195301055
-45.55854867529639,-12.25649357618514
-45.569815050725595,-12.27519688157745
-45.55812189172535,-12.266299445843655
-45.570589373177725,-12.26482119949177
-45.55907691954633,-12.276968229083895
-45.67317053660307,-12.292671620363905
-45.68183678927504,-12.271119092434887
-45.82044242210851,-12.332781581282529
-45.800564254034896,-12.331023827798361
-45.81144900274709,-12.332197568893896
-45.78877791007439,-12.32975671249606
-45.77842675974263,-12.329002190316084
-45.67168441158617,-12.266859047824166
-45.80580585907525,-12.322891831107805
-45.560152520374196,-12.342541131017494
-45.55636129533535,-12.352692325256427
-45.81809280139029,-12.322584324145131
-45.60852781728802,-12.362432149636422
-45.48956549709723,-12.328104347441354
-45.47938123740421,-12.326558483547895
-45.472386395217825,-12.314619419625217
-45.61349339238815,-12.351066291890675
-45.48296514537506,-12.316260800973168
-45.457786699118884,-12.324053997476433
-45.45152925901691,-12.311121916704055
-45.44862772389413,-12.321103779188865
-45.441515574317584,-12.330028100069145
-45.43118936324389,-12.327622822934108
-45.419908419284894,-12.334356560008725
-45.4165830043728,-12.344231610318737
-45.46209160055345,-12.313811140252138
-45.406157900343004,-12.346126152840348
-45.39701150051138,-12.342850749137604
-45.393731416861485,-12.355956071479389
-45.35173880584119,-12.348440993416174
-45.36703153271504,-12.346680779554395
-45.38175339390259,-12.344590159555217
-45.377627415535315,-12.356014161436631
-45.408579935753565,-12.33638587928477
-45.46252824988633,-12.408589611783917
-45.459837817753005,-12.394652494051623
-45.44911038755092,-12.392751000976993
-45.4454755696748,-12.40545655719584
-45.41341657961947,-12.379690076835509
-45.41989090169013,-12.387428669119226
-45.417356435405395,-12.398390052572939
-45.407446881873994,-12.43762270227871
-45.45333421380748,-12.440274191013685
-45.41226932093312,-12.42037999907692
-45.4578767991875,-12.429361620207407
-45.44182193263491,-12.441451462288814
-45.44273813204818,-12.427018984528218
-45.422719215014716,-12.440473805403718
-45.468389150756565,-12.3248687451807
-45.275491012045514,-12.444484332226317
-45.29791324712776,-12.438889034288785
-45.28208286938626,-12.435938329142559
-45.30438607631221,-12.434700394775366
-45.270986091820276,-12.434633340448501
-45.30005109131359,-12.428849854737205
-45.27400355648996,-12.417207017334967
-45.279501510489254,-12.426720201423656
-45.28395338145838,-12.417636049552257
-45.29560472121264,-12.419764529938227
-45.29318466324038,-12.412337764785711
-45.288680701926054,-12.427883993667544
-45.28781485130817,-12.444318134825137
-45.49358971681899,-12.318108245891487
-45.262121828021094,-12.411459974502403
-45.26483836696461,-12.39705746443375
-45.27798368833253,-12.409012278449733
-45.28214199854329,-12.397093717435244
-45.274861308466,-12.386185673939188
-45.28183047271582,-12.453372913518965
-45.23717605650583,-12.383180716688397
-45.20020672436978,-12.389802096119546
-45.21056241074868,-12.38461308133466
-45.22441660496392,-12.38226876561836
-45.219951191053205,-12.39403608937757
-45.19638138897702,-12.400089378620034
-45.23074267855399,-12.399805493074082
-45.23047598611312,-12.414105631332543
-45.20634531058084,-12.411927797337881
-45.218140675395176,-12.419058879222078
-45.24231064621679,-12.40846459346568
-45.239036575668905,-12.421272686213438
-45.227923946539704,-12.426195419557096
-45.219384857567476,-12.406989447665946
-45.207032894603174,-12.398629562881126
-46.11204253290859,-12.351850368862717
-46.11222823711351,-12.34241408639775
-46.111826183095886,-12.366842900027983
-46.114222561035675,-12.378670663806009
-46.10563032178692,-12.373989607601512
-46.12132045743438,-12.360877215117974
-46.107226827473255,-12.359934925311194
-46.106030301846204,-12.349865443630861
-46.03933411300666,-12.295727907568534
-46.074097241305424,-12.303568825481843
-45.89460898847281,-12.366236368038976
-45.90369619271593,-12.378690390644982
-45.74256097399382,-12.458746638429446
-45.893218265959604,-12.376787646042779
-45.905779968161916,-12.369186601818752
-45.201531263953406,-12.377395735491431
-45.21167306271644,-12.372217618471453
-45.730184504854364,-12.450123200406207
-45.72031293949755,-12.455483950146945
-45.709750648672724,-12.442930194928529
-45.699887603024536,-12.441050269996175
-45.70231269715872,-12.450382824624013
-45.68965813616323,-12.438144081925946
-45.68223422347646,-12.444837572782
-45.673623379526816,-12.442465748899387
-45.63849639023512,-12.451472932735417
-45.64362010761779,-12.439905144863399
-45.634936881747066,-12.442687470313555
-45.6608795433242,-12.43391262160019
-45.65168712939301,-12.43585623830818
-45.670928540107326,-12.433774502383628
-45.64749241848982,-12.44834059225671
-45.6549820068403,-12.444657828362779
-45.66385859787907,-12.44219527994866
-45.67971240456884,-12.43472412991529
-45.69195223712802,-12.449009701904323
-45.61463584598211,-12.443689091666135
-45.59743902782498,-12.450821303780462
-45.589529961436085,-12.455963340939586
-45.60551460481297,-12.445510715421776
-45.62423464396531,-12.443111718865872
-45.58358293677509,-12.406605686840066
-45.5366930799822,-12.4922725888301
-45.71171000028752,-12.452339041245363
-45.28971707029882,-12.602773649533098
-45.28828812871325,-12.592511289999084
-45.282020017867616,-12.568445465298717
-45.26506652556283,-12.550040876936606
-45.27505520151379,-12.554443726140203
-45.30894294975853,-12.576613502011933
-45.285126436066406,-12.58193376570813
-45.58713007354257,-12.396395329063346
-45.933239154772664,-12.500718740143302
-45.92625716029719,-12.494468998642708
-45.93038712354645,-12.484614485195355
-45.83830548057941,-12.605715860812126
-45.93862607658845,-12.491342909529557
-45.827997242847374,-12.601133991397504
-45.71888173766732,-12.44539775518056
-45.80853141414849,-12.59136848936927
-45.8189139852442,-12.596300364208037
-45.84722304411754,-12.57647153948295
-45.83766487503977,-12.582376619316621
-45.83151144787682,-12.565126150572913
-45.81075055378926,-12.561652585741756
-45.79850811760997,-12.563490565190847
-45.77167411620615,-12.544684779299422
-45.71143796870997,-12.51715011795037
-45.76274633101447,-12.54113069247082
-45.69937182568748,-12.515187929798053
-45.819980080198505,-12.56597917381604
-45.61866974461009,-12.519383316286163
-45.672350608009374,-12.588462277991432
-45.66208763738358,-12.588871518159706
-45.609831414479196,-12.51037110651679
-45.62247821402531,-12.509212318546462
-45.6638552640633,-12.598579516400534
-45.62767030993183,-12.500979259101092
-45.79119792424304,-12.554520913003987
-45.641301861146644,-12.622078277023569
-45.64512827850713,-12.634667488627027
-45.63703650700582,-12.642447222651242
-45.627479305157536,-12.637995645807004
-45.65258297129869,-12.651275700099166
-45.64344872630248,-12.68669281381576
-45.63403870701927,-12.629852012599924
-45.634873473849325,-12.682602617971448
-45.62370099207972,-12.677797366613518
-45.6462615951819,-12.659223919936423
-45.63515475991865,-12.694998413397364
-45.87667611268757,-12.558316787931115
-45.87066826754487,-12.550034938638474
-45.86694048234042,-12.563753805449863
-45.853225031199486,-12.559723268316334
-45.862316546557274,-12.55487451837043
-45.8523945510562,-12.551502972890525
-45.651841823693445,-12.626753388987636
-45.373155620401775,-12.675115482001605
-45.347314955499414,-12.64234230190101
-45.09670658325309,-12.743335634977118
-45.092281407385364,-12.752982143083486
-45.355791229373324,-12.649441982033476
-45.368240972755906,-12.665622484502158
-45.826260771626806,-12.574335999467024
-45.91936589026905,-12.675189034192817
-45.848631657588314,-12.587701681776359
-45.420261825594544,-12.70176692545273
-45.38078326168936,-12.731073300513739
-45.367603165038986,-12.725563469517903
-45.37190005883125,-12.742292901184522
-45.361113370004674,-12.748685786425185
-45.349592858154594,-12.744455165152283
-45.338594455726174,-12.73711497687372
-45.333047547102325,-12.745380740480389
-45.32623586796915,-12.753765684125124
-45.38244440406446,-12.778633994186439
-45.363150987670124,-12.764285070021007
-45.36957066011121,-12.756029067273786
-45.38795243113881,-12.768844133951895
-45.35861145685959,-12.736714579997551
-45.51500973728393,-12.685500176201284
-45.422492279923844,-12.691740454824371
-45.6285961458932,-12.805268083591251
-45.614730740326706,-12.812700385296296
-45.62597277385936,-12.815449452471544
-45.60692404016371,-12.798072999155224
-45.59702822409551,-12.798706194105236
-45.586061519341854,-12.795153463144366
-45.593418840508846,-12.787604381755951
-45.583850867849954,-12.78494168878959
-45.603303284972185,-12.807798297086503
-45.53168205446474,-12.782828647901637
-45.61919142070336,-12.802793296582028
-45.458417471542475,-12.797608174272312
-45.42958219270845,-12.802151912080754
-45.40851523676362,-12.823571207807122
-45.398584929364716,-12.8199448048165
-45.39483155528899,-12.829777083724627
-45.41808028019966,-12.826926526300733
-45.4146272409881,-12.836893093286346
-45.406202220967145,-12.833676479088014
-45.390565922428806,-12.840316000354562
-45.40230913463911,-12.843504364833134
-45.39755083293487,-12.85321587347445
-45.388024335209764,-12.850444065611585
-45.40726954465157,-12.856622364447485
-45.41243396596182,-12.84727906969563
-45.42643784360061,-12.814148073530882
-45.448151041379106,-12.791986192840149
-45.43469895732251,-12.833590500136234
-45.44111787381435,-12.846828127843443
-45.51077182163026,-12.69575252706671
-45.452045060100176,-12.85076712762632
-45.42843835035989,-12.853426721267606
-45.437210299862826,-12.856931337316254
-45.462151057877776,-12.854457379755132
-45.44749351426091,-12.860527380166006
-45.47307181066323,-12.881086653347516
-45.463519594104696,-12.877570927934762
-45.478134921410174,-12.871691155847454
-45.48416641995145,-12.851554917763254
-45.453723018872566,-12.873814841334196
-45.4758477028701,-12.84838577159754
-45.47203395533801,-12.858113183115428
-45.482005470488836,-12.86158541940535
-45.467580675718764,-12.868021571416147
-45.45839434907468,-12.864461095079871
-45.45572121091453,-12.840966906523366
-45.210898638984915,-12.745658622302065
-45.43220927515952,-12.84372753017527
-45.19752649746238,-12.75206169873146
-45.190964288367695,-12.748384158827466
-45.208067153368816,-12.756124508260264
-45.22125355819364,-12.749615387031042
-45.18350449202045,-12.763673428198011
-45.19326893746205,-12.770069336460622
-45.231094472646674,-12.787766238919808
-45.220857124831724,-12.782289780229382
-45.21103056746608,-12.777593545667916
-45.25957057902858,-12.74144921228257
-45.20149756825748,-12.773669387007939
-45.20136466460097,-12.742073434670182
-45.2925962658783,-12.751652564229751
-45.28818158062234,-12.762362643445208
-45.2988913153798,-12.766123558784026
-45.281320538537955,-12.747961761483847
-45.27790028206064,-12.75878183867811
-45.25444311829716,-12.751782029553908
-45.308215267517355,-12.772180975609785
-45.25107097405311,-12.763858117218696
-45.26107926640919,-12.76597009155362
-45.28382072636454,-12.772958705521459
-45.273583084971925,-12.769381866552022
-45.294565048251215,-12.776696653757824
-45.30568800813933,-12.783597920112365
-45.26656301667313,-12.755535513295568
-45.191511744963975,-12.73860671506961
-45.27002563471785,-12.744827809053573
-45.27167097691465,-12.780135865682208
-45.2968301013072,-12.807501164698719
-45.28252041849994,-12.785063284191475
-45.28797306972416,-12.79989943806779
-45.26642248419499,-12.790363178897868
-45.26122303131166,-12.797594306764964
-45.242182917344024,-12.7909820142148
-45.277943748230555,-12.795205400725811
-45.25188475340998,-12.791631042141626
-45.255055205833536,-12.8104341258514
-45.26515700569438,-12.813734487233823
-45.293195431998356,-12.788653703783545
-45.44460950319129,-12.837132291341277
-45.12121113558052,-12.888043789856827
-45.111432333761144,-12.891568290962814
-45.11782775612252,-12.894486138023082
-45.26064806327617,-12.776984641531541
-46.040441490068886,-12.882892565193874
-46.03112713591896,-12.878329215603523
-45.75908710633726,-12.797444507713687
-45.68017285114446,-12.834268460055355
-45.68910805141752,-12.839063023916648
-45.71072295373877,-12.844633931977555
-45.72169234760902,-12.849251333485395
-45.699860661394375,-12.842415093839891
-45.75835091921516,-12.809510376643363
-46.02194857629483,-12.875304186734185
-45.631915064092844,-12.842013469424588
-45.62329292754393,-12.851481445147499
-45.6337305938106,-12.856398143089958
-45.65963355658231,-12.861474076777174
-45.642591807594684,-12.844327530173043
-45.66464921979035,-12.851355191176875
-45.64897483007712,-12.858654313552265
-45.653013747816004,-12.848189840356145
-45.25080161759993,-12.775035175744057
-45.614174753449326,-12.846409829170593
-45.7288563922086,-12.870784010126487
-45.74057810886997,-12.87398356601836
-45.7531793110508,-12.89385807831731
-45.761577478856054,-12.887811793608918
-45.7511195173567,-12.882778988753174
-45.77100488671447,-12.892710781961863
-45.7771855472797,-12.901576939141599
-45.75268310616019,-12.904345034848781
-45.7628381620229,-12.917148870058565
-45.75284866032732,-12.929293760722468
-45.75335576372281,-12.939628400219592
-45.74992256591156,-12.919058140517688
-45.73932003389449,-12.914914672356606
-45.78802167565935,-12.90101865471979
-45.76532540648954,-12.944469792459808
-45.76315796560665,-12.933105168870362
-45.763025487709434,-12.89916189497048
-45.72156108661933,-12.867246322079811
-45.549897397856284,-12.932529814328388
-45.557118544173356,-12.945395525878599
-45.56474482695532,-12.927957556572087
-45.55950596651435,-12.936136382822015
-45.5537476523782,-12.923690927486842
-45.5461963981299,-12.941372939391009
-45.54294410319842,-12.895787882854403
-45.11435292573296,-12.884961005726995
-45.53939273407609,-12.905495081083732
-45.55751687043448,-12.91457597325008
-45.52598385204033,-12.910680430360351
-45.5313761108577,-12.925192014504585
-45.52124281748551,-12.922153658400198
-45.52879535037064,-12.936226226700494
-45.53529028195693,-12.915244572108467
-45.51645746490695,-12.935788775922385
-45.50041019196588,-12.917671704500497
-45.506710194289404,-12.900180931628627
-45.499967201646314,-12.884949217247595
-45.49003122484808,-12.913798425117246
-45.5044371927205,-12.873824548366999
-45.516901896563056,-12.878124942580513
-45.508707535782065,-12.862644462954723
-45.512460751914546,-12.889366275109728
-45.51969178420566,-12.866806882481642
-45.131370077291166,-13.022938763991402
-45.12633962392297,-13.034192681305331
-45.12357438917158,-13.054538170032613
-45.12025401332687,-13.044213051847702
-45.13520782264251,-13.012012992876294
-45.48583917937595,-12.923971350023727
-45.49504183723309,-12.89574042581425
-45.13515951395722,-13.054558451878844
-45.14303186039929,-13.046461711903449
-45.04307488133221,-12.974910975715835
-45.04926718590786,-12.965320156530506
-45.05527155129525,-12.978321416511797
-45.07069642421567,-12.970487492726278
-45.064075262259905,-12.980100370643974
-45.059436822434634,-12.967475183451896
-45.081858187129185,-12.973463383072533
-45.07621023795705,-12.983741790564714
-45.092866835195245,-12.976472124388962
-45.49613203205676,-12.92811344633879
-45.116863191493145,-12.980359092536757
-45.098416035774484,-12.989426729809313
-45.10886215064619,-12.991952769056066
-45.10535992868188,-12.979780086637502
-45.087645920297035,-12.986767530158286
-45.1322366937016,-13.044118935174357
-45.381429136066295,-13.192450742597241
-45.40231572662301,-13.194211786851886
-45.359507710641836,-13.190425881854448
-45.34864467453063,-13.189238679262939
-45.3694639316694,-13.191161262718303
-45.402144566374886,-13.205336161619902
-45.39165501504395,-13.193344464324113
-45.50568558098713,-12.933427881291802
-45.37900143025374,-13.203102539549018
-45.34739401555849,-13.200344567474131
-45.38994071798722,-13.215766948005854
-45.36908784103709,-13.202359057117748
-45.36785717482279,-13.213793495023214
-45.35550679929894,-13.212337118473474
-45.344644882627634,-13.211491205646631
-45.364952979007754,-13.224135688500667
-45.376600692693174,-13.22564583579357
-45.35562409868177,-13.22372050276493
-45.36507666970151,-13.235324427563581
-45.388653226105546,-13.226752147591206
-45.35435508239855,-13.234353612176017
-45.34222315444923,-13.233128359437975
-45.36284918403209,-13.24608131870071
-45.3520853286133,-13.245127040972005
-45.34331877884336,-13.222233097692285
-45.34109092177424,-13.243989833023935
-45.37772487062239,-13.214474016837684
-45.35688869145709,-13.201000785020323
-45.110917773979395,-13.200175858133218
-45.13376819776451,-13.20816987747186
-45.927588156777745,-13.173109839721954
-45.96808372949099,-13.188476144573903
-45.960147476893326,-13.181712176994422
-45.919184469499115,-13.171382704770178
-45.12283159309059,-13.203638892767213
-45.978813256434364,-13.189656547528632
-45.39005785672077,-13.204105688121214
-45.87038607480662,-13.198935214575984
-45.881412849493316,-13.20425456772542
-45.86668838166905,-13.208395801608374
-45.86032666577963,-13.217308599351023
-45.856580246970594,-13.226778827203816
-45.867203703889885,-13.232281582721335
-45.88585382256858,-13.241954245510263
-45.90469720262219,-13.232318222521275
-45.8942665860436,-13.227022275183835
-45.89119396191393,-13.209596177084713
-45.907871575838826,-13.205346766760007
-45.91743835411813,-13.210619906194236
-45.89646262210143,-13.19982345956202
-45.876681941962744,-13.23720769973708
-45.9258966611163,-13.21546626576102
-45.89570443184823,-13.247517798434487
-45.88751505294103,-13.194826202695761
-45.94167786434035,-13.236965888231623
-45.930450637244526,-13.230258936565154
-45.96273970757697,-13.247720939202647
-45.91832889548424,-13.241509545738047
-45.97159520753725,-13.252033971010256
-45.9296400108207,-13.245646878030708
-45.965870374234186,-13.263371911052317
-45.90732544972558,-13.248881215358846
-45.94846927738235,-13.272508275012362
-45.91534071308457,-13.25755459489351
-45.92570315886727,-13.262720710577737
-45.95712893907218,-13.278760619030646
-45.94148286152326,-13.251900058551232
-45.8785483403563,-13.122526568594582
-45.869728256479476,-13.141460283050614
-45.879010559784945,-13.145652487267439
-45.87331314571854,-13.131925685019397
-45.88363911954972,-13.135786503949696
-45.88789172182133,-13.126293479248174
-45.630945467313445,-13.264827884911549
-45.951034817928175,-13.24126939030159
-45.15226980123658,-13.495550885391904
-45.17074471491914,-13.50728450672909
-45.16260269562201,-13.50016331909723
-46.0953653025412,-13.799979698608158
-45.984622743033135,-13.615647462911685
-46.09179252057551,-13.809782215731406
-46.102266490407786,-13.815999614091588
-46.03458686917939,-13.686225703798115
-46.009664691612855,-13.66562751360184
-46.02152897593565,-13.675159270287686
-45.94783666684077,-13.677329181278122
-45.94403636475603,-13.687934074727963
-45.631487066944075,-13.260633322689687
-45.937136535515585,-13.71955090676742
-45.94526468740444,-13.697194923506213
-45.94076223370878,-13.70786724348225
-45.939651206569366,-13.697214294127438
-45.900823289924226,-13.693356913987724
-45.89906702167386,-13.704378185922526
-45.871975460330844,-13.882966524785127
-45.86383160691793,-13.88269739071356
-45.85350563907687,-13.890152988346692
-45.856936378507456,-13.905832309419722
-45.847954033446996,-13.900135506057673
-45.83905992570556,-13.894780903033613
-45.843460273480616,-13.885682388021664
-45.833234025399946,-13.88791617316104
-45.83564657290452,-13.879861947041483
-45.82256657640856,-13.360031363157212
-45.59968185755105,-13.73609945790697
-46.0829618181744,-13.949533548243267
-45.58214714794302,-14.067016419374053
-45.59345914998045,-14.068211131754271
-45.58503845248784,-14.056647860978979
-45.59666362091099,-14.057844501768358
-46.06924781918983,-13.949255857688243
-45.86746642908389,-13.891859405668162
-45.468019050334945,-14.046250290548166
-45.458351422926945,-14.042611151795068
-45.3973969437279,-14.049092150032111
-45.3911681207359,-14.043055438013369
-45.41501247885405,-14.02233552238605
-45.407319506766015,-14.01403577534886
-45.4480050748975,-14.035774811340886
-45.479537397907755,-14.050459193412692
-45.43392257756015,-14.179755448444881
-45.45427142110856,-14.195971139784378
-45.44019251057487,-14.200192534543682
-45.43081128503602,-14.191828821087668
-45.43786084293303,-14.212659098660335
-45.44814677981136,-14.220547444774034
-45.427744384895334,-14.218107445711258
-45.429876102957465,-14.205067629650532
-45.437783219184006,-14.225967453582982
-45.45020455315509,-14.20792651654821
-45.855747975686,-14.410609128884317
-45.432633964532606,-14.597283210517261
-45.25179267825111,-14.653609002600287
-45.27257470330796,-14.661693780835735
-45.26746363328992,-14.636570275329756
-45.25859523118541,-14.632388192010422
-45.19385841867,-14.573090365511398
-45.27490148038935,-14.650622966611248
-45.20169014452797,-14.57950502858883
-45.25483537428126,-14.642718334314559
-45.26518969363363,-14.646931711712629
-45.24049468118706,-14.652372624829706
-45.26302599130747,-14.657827804374687
-45.99602349649698,-14.672733469376023
-45.251377245836395,-14.744592183971548
-45.96603924403234,-14.646885271538872
-45.97572201148998,-14.65586780722587
-45.97733417561622,-14.633349587265831
-45.96449936670399,-14.627826014635545
-45.956071788622765,-14.637855330715222
-45.975690626993654,-14.621111388989252
-45.984104671558796,-14.663957052855253
-45.876521068888565,-13.189567621871065
-45.31420300673298,-14.686556548796258
-45.97056580168504,-14.603021101058737
-45.96514680945911,-14.614849916955592
-45.95464416288985,-14.59332955658721
-45.94513505404693,-14.596013428692395
-45.94967578387393,-14.58521886970067
-45.94333512637763,-14.576935184831534
-45.925320343946495,-14.580543575408303
-45.93390110042683,-14.586854086177219
-45.961772925887416,-14.59638279733256
-45.88675383838124,-14.620378024271442
-45.955310147862726,-14.605383601757822
-45.894044183394925,-14.627185407221955
-45.98295635830944,-14.598417358339997
-45.89918548927888,-14.630257145006514
-45.84621929464949,-14.594118161828916
-45.854004884372216,-14.587348879809763
-45.842341761342574,-14.584322663969594
-45.84137432866835,-14.572334031733389
-45.832761215847526,-14.566367754084615
-45.97993726441241,-14.611574444511826
-45.834271420826155,-14.579398562445373
-45.81999625575301,-14.551506215881584
-45.80966769386218,-14.563590955798238
-45.822610590990784,-14.563875312237307
-45.81532170928035,-14.57424073745935
-45.82589473278183,-14.572360652075009
-45.83284918241144,-14.592408208561377
-45.85168237201094,-14.614740523933712
-45.74267102439653,-14.611753629917935
-45.75100926871407,-14.619290463074496
-45.728446282731994,-14.595435120410963
-45.758642807281646,-14.626302753138784
-45.76549689455394,-14.63460572439455
-45.77348522481962,-14.64077518441191
-45.79848468122552,-14.6619763174442
-45.811269782051404,-14.671827749215193
-45.790083315645234,-14.655008718019426
-45.82883256077834,-14.688595469275203
-45.83744835613595,-14.696250612450866
-45.823467316036144,-14.679393230989202
-45.78205872570891,-14.648558453902682
-45.84515884544197,-14.703454917578007
-45.73498479235815,-14.604170816640632
-45.17780042467448,-14.568898411741316
-45.506663500579286,-11.037031671013166
-45.367115400362636,-11.093482794127155
-45.65747049280702,-11.481956952990913
-45.66935086568631,-11.481947637328988
-45.67425264151672,-11.472391475803732
-45.64710561603388,-11.479757157359362
-45.65169179400807,-11.469590615650565
-45.663376010257366,-11.472348603596334
-45.18071772530855,-14.558939493322647
-44.75178969962667,-11.768184476233923
-44.77286526703651,-11.585804301146547
-44.57785870810359,-11.71229453763117
-44.570426351640236,-11.720694862964624
-44.589639655441026,-11.711690826920082
-46.04748739194237,-11.594190173154313
-46.04066976792717,-11.602878703492223
-45.51680655213769,-11.04161268238631
-45.81084375953947,-11.644297984559394
-45.8166628418618,-11.66496577640386
-45.763737964216716,-11.621200845695073
-45.77605628848592,-11.65766317725446
-45.77964039110542,-11.67515139373189
-45.74450770406226,-11.629408509789435
-45.74945369765533,-11.64750676897091
-45.725605566067074,-11.637185317652666
-45.7554683313476,-11.665468796821944
-45.732363091592475,-11.655767492497073
-45.73797773938797,-11.673845802796876
-45.76213245144257,-11.683969004847787
-45.719737911232336,-14.587937123480373
-45.76857740899251,-11.639204068080186
-45.81195461484663,-11.653669739210777
-45.72654832012687,-11.700718506057534
-45.74394452701549,-11.692041876545268
-45.716865524931116,-11.664567589348426
-45.69267081297397,-11.654710410011925
-45.69710010933915,-11.67266559371611
-45.70510693666806,-11.691108266487596
-45.709139257527774,-11.709247232701365
-45.710497108697375,-11.646260738555096
-45.67612017746704,-11.72652841598641
-45.68726328074294,-11.699336707261368
-45.68415753261064,-11.680161053827291
-45.661075687463125,-11.689455421905002
-45.6747960758824,-11.66305171860532
-45.654992682514845,-11.670990262251745
-45.66969794680028,-11.708276648428264
-45.691117831747206,-11.717099840687625
-45.789425320617,-11.72726963056308
-45.762345209765485,-11.739486131900131
-45.772234661822054,-11.743304126403503
-45.79304976753764,-11.738372146745515
-45.783334918384995,-11.745864561092048
-45.785955304655545,-11.757071446959422
-45.77485399476144,-11.75457555475181
-45.76716629623568,-11.749829423279564
-45.79380546225515,-11.748808521025175
-45.771082625672065,-11.732337282422662
-45.76644812018028,-11.762371108996252
-45.7806659343272,-11.734433078469973
-45.79900488678331,-11.771175382523147
-45.76885200460416,-11.773636108595802
-45.79302158392221,-11.779996753796658
-45.80181803326488,-11.782918374306302
-45.79341418226265,-11.790494548452767
-45.78030861977277,-11.777066656119743
-45.783986109587985,-11.788257122040232
-45.77425180685191,-11.795982421360478
-45.771203620524304,-11.784600885533195
-45.788138034253514,-11.768104820716676
-45.796563950295635,-11.760713987994755
-45.72152913697131,-11.683194550750304
-45.715361025742396,-11.7554748537013
-45.736131633608565,-11.760293403529998
-45.72388817179256,-11.753177538261738
-45.7165141236358,-11.764339298866211
-45.737846019560735,-11.771688010555277
-45.71953047376769,-11.776102171016301
-45.729794764347915,-11.774012017325887
-45.733134556903025,-11.791931220685688
-45.723734028541045,-11.794415520302348
-45.739904481894385,-11.780565475007048
-45.7310145004317,-11.783002538904032
-45.74398070715407,-11.798603914162982
-45.735023207157596,-11.80087109600488
-45.7421060769239,-11.789728480876281
-45.72603860389138,-11.803455829258725
-45.72243942320778,-11.785577101836832
-45.72615075857173,-11.762369900433
-45.70528411685811,-11.757845823899046
-45.57684951041082,-11.633424040152768
-45.58815529822871,-11.642753367925184
-45.590347107455415,-11.655143643057858
-45.57534624712753,-11.645050157639124
-45.57836999859454,-11.657612781823028
-45.58246764771616,-11.676032178886643
-45.5937844446013,-11.681462719040713
-45.59210033374559,-11.668480534216366
-45.58311498810433,-11.688791570451858
-45.73287352973962,-11.751037402934543
-45.588807977584196,-11.723165613561115
-45.58828934723637,-11.71267654691487
-45.60048229444881,-11.721841647768215
-45.6021755945369,-11.73251069580791
-45.60481773824646,-11.742560876671972
-45.591815513171085,-11.744102927346518
-45.60392985993056,-11.753223458451565
-45.59399910099189,-11.765051715543937
-45.592659705499635,-11.754425224777806
-45.60477706795011,-11.763570725130755
-45.5913709561506,-11.733712831120549
-45.58808913009355,-11.63128909464183
-45.69458247171028,-11.791197572756136
-45.69209213259039,-11.78109156576538
-45.598654977784236,-11.71122501698347
-45.66594159598984,-11.753762986551095
-45.66076819526671,-11.763127276944504
-45.688633139234675,-11.769681928660477
-45.650315996842146,-11.761903513308534
-45.64410022540258,-11.770247520380629
-45.65423323859605,-11.77149042129518
-45.62775341858389,-11.779082958061924
-45.66706140437381,-11.78370267315945
-45.649877034852,-11.785658039977616
-45.67524580231482,-11.7920967460785
-45.64515676343201,-11.795234876384015
-45.67168409797961,-11.804162056928892
-45.6762902690422,-11.802969631643487
-45.6521738287196,-11.80375575954092
-45.675404514711275,-11.81183813157015
-45.664279565921206,-11.812434614415613
-45.66493737909514,-11.802278305076833
-45.68120069905497,-11.820417146261246
-45.66846811616119,-11.822398601891047
-45.65322167660924,-11.81396115040284
-45.65602215629539,-11.824476449105266
-45.62894054054339,-11.767981845584323
-45.655639162057845,-11.75279092496665
-45.632375706049594,-11.815575031699966
-45.631002427751014,-11.826532909025062
-45.638057720850014,-11.820812234260792
-45.620872574475925,-11.819425571882405
-45.63961362599084,-11.83097088160384
-45.63535198286442,-11.810412668074392
-45.62018912264904,-11.809127130029928
-45.59459498878449,-11.807750025301425
-45.58171882504091,-11.808982097445494
-45.572171562408805,-11.806147175904513
-45.60072174443543,-11.820691599752571
-45.590666327752544,-11.82031227440828
-45.589908870203466,-11.830605086536698
-45.59923039922353,-11.830638796490177
-45.56846013695848,-11.829033109135363
-45.57879132698969,-11.829678136286862
-45.59651311943033,-11.841877555361755
-45.60639678001182,-11.842366294911919
-45.573819067127936,-11.840185780292693
-45.60739567082234,-11.85454032542896
-45.55841401631018,-11.796749639785538
-45.55451099797233,-11.817346274074982
-45.584728420438225,-11.840831917202125
-45.556701382257536,-11.806947123285948
-45.59581121728267,-11.852971448886008
-45.57029080528966,-11.819186392321015
-45.55234412431307,-11.827596878100064
-45.58033583905399,-11.81988942505631
-44.83031030880683,-11.873365099656628
-45.62021130069405,-11.798863648050641
-44.86156656169351,-11.889867445778712
-44.756275664964406,-11.849619463961503
-46.04351624891011,-11.786961195456284
-46.045710815462854,-11.812578738256612
-46.04600061203266,-11.770724318888256
-45.986437657527404,-11.785295673986077
-46.040818463958075,-11.780178529521514
-46.029974708203724,-11.809881302536946
-45.97675777449448,-11.793046043427271
-45.98497921097059,-11.800811016963214
-45.993349431061205,-11.79297602748918
-46.03695906354021,-11.801126679361062
-45.97034660901649,-11.813257524281866
-45.946398556844485,-11.823130060194991
-45.943160062255345,-11.834716344952925
-45.962625653671196,-11.820685219548768
-45.90738924231404,-11.837210818535628
-45.91790864486964,-11.852573741422727
-45.89849605308103,-11.844018169262068
-45.92641500308896,-11.844713666679525
-45.908837980133576,-11.85973897462566
-45.95291787018737,-11.81288907461958
-45.962895746185694,-11.805454532640558
-45.98795115061822,-11.874063324526766
-46.006542722665586,-11.878019164698067
-45.985222183050126,-11.896521313856866
-45.9824405564207,-11.884443947075278
-45.99422888803353,-11.883762111440667
-45.9966124540121,-11.895445907367781
-45.99793730743747,-11.86862382312745
-45.77991218254366,-11.85979506066416
-45.7444150523163,-11.846623953108171
-45.76025211779934,-11.865322633717877
-46.05209630058276,-11.779363494286294
-45.729917475919834,-11.843362533631623
-45.73370507539651,-11.853957998231902
-45.72320295074418,-11.86601155657744
-45.73334785656277,-11.875225803875578
-45.72456841859365,-11.87538376010866
-45.71412885018776,-11.871691194350017
-45.71696427583239,-11.881570949322684
-45.70706424854609,-11.887231195870903
-45.73471589758969,-11.863701187776835
-45.72091551863076,-11.856251761854622
-45.69439335312978,-11.882039868669567
-45.686546711097385,-11.895183153867887
-45.675735834538656,-11.89777002584043
-45.69758694344488,-11.892599150874432
-45.674004508812445,-11.887432237201734
-45.68404758856548,-11.88484864811084
-45.75001455001092,-11.867199017330023
-45.706120073375615,-11.909202318963498
-45.69107611454435,-11.91323142362595
-45.71097699928848,-11.902503091294538
-45.6925376909802,-11.92417166402736
-45.68192268349371,-11.919749433022943
-45.71604748332257,-11.917826888598242
-45.70505404958004,-11.917527652706017
-45.71765681141231,-11.911772972634731
-45.71056883202688,-11.923886944876028
-45.71640735177208,-11.928973425590906
-45.731702067988905,-11.929352101103998
-45.72007166711394,-11.900956203361869
-45.741609468040814,-11.935845823111958
-45.752618907738324,-11.941804558633129
-45.73189076857226,-11.940056245101875
-45.740195157360674,-11.945631916985707
-45.723798855230456,-11.93597749724896
-45.74668645736938,-11.856515655854942
-45.72235546510881,-11.921201553761371
-45.61023586239902,-11.877406360138316
-45.65188125616842,-11.860704088743164
-45.636564736471946,-11.880628219915806
-45.65453213183413,-11.877862931745115
-45.64517195853644,-11.880114185497485
-45.6265993074187,-11.88639733192247
-45.65298274408963,-11.869261194763148
-45.65701569398624,-11.887096570840825
-45.63737718902702,-11.890763183951796
-45.64708717404605,-11.890351898608472
-45.626034661091225,-11.896932736099862
-45.66004041168674,-11.896786504558598
-45.649192904682096,-11.901278550370176
-45.66151977959111,-11.906575583731861
-45.637061225015856,-11.901280137864727
-45.60956140039772,-11.921186150432245
-45.63391053867634,-11.918129580912694
-45.61993563470159,-11.926295163533997
-45.60858550713195,-11.926722180391991
-45.6042187909468,-11.936983632519587
-45.61313640094097,-11.91011092256525
-45.653000461939584,-11.920425294522541
-45.645659690656885,-11.91617703680141
-45.61663115539217,-11.931117636005522
-45.62358616058775,-11.914375341665504
-45.64729599156354,-11.930163144646105
-45.657068403872316,-11.934476291503225
-45.6771519061859,-11.943471323690243
-45.703892274209906,-11.944732692201491
-45.697699652913045,-11.951700548571747
-45.6882982892141,-11.94418960931587
-45.66719185523283,-11.939202618360554
-45.75116194576794,-11.977273077598813
-45.740273903158396,-11.972617018527188
-45.759351258340686,-11.981284162628734
-45.7207224069969,-11.96388200377833
-45.730382741792546,-11.968158157024305
-45.59973252907206,-11.874654539448294
-45.61488021469711,-11.944943856033959
-45.754388320218446,-12.027336614723602
-45.61000818132902,-11.955871030805465
-45.59853591384963,-11.952887337595765
-45.6196089382628,-11.96070421033659
-45.536664731391326,-11.915330115426483
-45.521815158266705,-11.921637887905684
-45.524593338099535,-11.91067904704566
-45.487432596132,-11.954178102626194
-45.53313409377502,-11.926109255990283
-45.480007666084965,-11.952975821163223
-45.62446899299991,-11.949598794824698
-45.58894031644127,-12.007397191542308
-45.5798789347508,-12.009240385067372
-45.52932139980991,-11.991696655139545
-45.63443974474471,-12.022821280190463
-45.543627328526014,-11.993129240364327
-45.65012386157627,-12.033843404407138
-45.64558910226461,-12.02409635011
-45.62267931244919,-12.038771011591518
-45.64268831030172,-12.046240157962727
-45.64443071034584,-12.056665570918831
-45.65447709704527,-12.06053113704855
-45.62101150930974,-12.044406403133664
-45.6347339695719,-12.065633136633359
-45.63771370225834,-12.053112954208515
-45.647889013887095,-12.067841604551338
-45.63179933205545,-12.045713819070235
-45.63917452849664,-12.032386530865848
-45.65666605474122,-12.025143802227614
-45.376063627574624,-12.112501638968377
-45.33303666392611,-12.15060605858459
-45.32327678947154,-12.150973225600499
-45.37944384012421,-12.123767466275707
-45.50173057104887,-12.073566414763373
-45.50141939315586,-12.062316417362549
-45.89171476701081,-12.050178413630098
-45.91204379471306,-12.06357027163584
-45.893254584400154,-12.064168532267853
-45.91124298087421,-12.07437872612589
-45.90269843332807,-12.069236027634737
-45.89517169476065,-12.076730317861013
-45.90459251605638,-12.082513952672668
-45.93099279947202,-12.074211001921778
-45.885457567955086,-12.071681158646655
-45.90280879014384,-12.05589770516205
-45.705028994232634,-12.094249799314465
-45.70930450527898,-12.095000096103972
-45.70733020410472,-12.089478326801853
-45.70883198757918,-12.098963181137652
-45.70471124975715,-12.09838233472692
-45.66665028134487,-12.104677313953177
-45.673811283611016,-12.1130510833577
-45.88058505281742,-12.047525774262692
-45.49401494334438,-12.162652116230518
-45.45634214436375,-12.139427944051434
-45.46225745566109,-12.150537774977904
-45.45196030228073,-12.158844083218316
-45.447163131334875,-12.147474662309516
-45.45818091315736,-12.169636625252844
-45.467902545217235,-12.161895117568292
-45.441841192205345,-12.13557538608298
-43.96394179762711,-11.502287427174508
-45.45217326997994,-12.127883048493661
-44.146628375055556,-11.632594124306573
-44.383306601492464,-11.785132389021685
-44.32315414735426,-11.788967862626455
-44.344925145542256,-11.797171562378654
-43.21664333176366,-12.331182652053105
-45.76906205444513,-11.986060263937347
-43.86876094062692,-13.283474509467641
-43.8187998978357,-13.25957935824627
-43.794548922257334,-13.24062197844413
-43.78627800636798,-13.235856623478691
-43.78172623757785,-13.24558994607727
-43.81355738550549,-13.240385116644035
-43.82310582559832,-13.25132519879526
-43.79024161686944,-13.25028118486639
-43.866223945330304,-13.277901547106785
-43.76215977616338,-13.23739202383598
-43.77165463662364,-13.241302137458598
-43.7458176840622,-13.218901663722892
-43.75502806758585,-13.231858273868507
-43.76711936697633,-13.22790926347698
-43.7332445434877,-13.227435625807228
-43.74349039473782,-13.229093764890816
-43.71724057851149,-13.226843811210585
-43.711142440822925,-13.197920988705508
-43.70889285398328,-13.207503467512533
-43.72537094392386,-13.223796734881557
-43.71609805131018,-13.213208476688191
-43.71869616431273,-13.204704501568624
-43.71190622779613,-13.220087189934603
-43.73645747973627,-13.216777155712645
-43.740358896180865,-13.238604018368228
-43.73398962747855,-13.235983088760229
-43.70981310033981,-13.232427380382761
-43.72510835689391,-13.244993237472702
-43.736867602570655,-13.252650793535725
-43.726795798741534,-13.254291571860549
-43.7098191959016,-13.254171858498761
-43.71452442718349,-13.240375988571968
-43.7249791785834,-13.26281609986533
-43.734343336539695,-13.262517865431448
-43.714371262916096,-13.262793531587908
-43.722232891034835,-13.234331919547552
-43.73099360529183,-13.27357723742518
-43.73035560163614,-13.282641157118862
-43.70869852898869,-13.281597953092824
-43.72171327738592,-13.276792560375792
-43.708118525131226,-13.271776856667204
-43.71657797011663,-13.286445460558156
-43.845877179151366,-13.285432193541329
-43.72673156021335,-13.291403681279796
-43.77302050075089,-13.118409093732367
-43.755763917442266,-13.125685911527928
-43.75707594716711,-13.13636509182436
-43.74512639795773,-13.13842373264232
-43.756592546707864,-13.146060859385848
-43.753414862778655,-13.155503005705341
-43.739320595131524,-13.147812362054925
-43.76688642262924,-13.130377763293108
-43.77158060157805,-13.140343751027384
-43.75788179942059,-13.114409387124002
-43.763163584130965,-13.171263282498309
-43.768864186662555,-13.108591060614327
-43.751189032001996,-13.169098076454084
-43.737165131826,-13.16052498964465
-43.733029732033074,-13.168574041786888
-43.74680895327487,-13.18337488754103
-43.73764319909546,-13.183724277416662
-43.72964741795229,-13.18056062342172
-43.717057401645164,-13.173906754401791
-43.74189117986785,-13.175450904882624
-43.75449805027495,-13.177572606007008
-43.62593246745793,-13.213364968290222
-43.60072719989977,-13.20719263764957
-43.61025340679649,-13.210412623785157
-43.58845051831539,-13.212901650916303
-43.60650224091439,-13.221361995574586
-43.59582911410212,-13.214720904422236
-43.6927331968475,-13.164223355913691
-43.67510761424188,-13.216458924299902
-43.53566240644137,-13.215009968045212
-43.541361392814636,-13.16313158256095
-43.543274559128704,-13.18477139436885
-43.54636781831637,-13.177970089364312
-43.5842551407855,-13.126922019923
-43.532753332893265,-13.17344890139314
-43.571796574533764,-13.130130737722649
-43.553508066351284,-13.132362848026773
-43.564500897162944,-13.137036400381747
-43.56198353561469,-13.127621004029333
-43.579668000778746,-13.136045345183964
-43.588452211876756,-13.267962780302984
-44.318641289875245,-13.371950636173672
-44.245158565484026,-13.423021409969323
-44.24751622564846,-13.428564898931624
-44.32073538347659,-13.384732153097021
-44.310500597866486,-13.398582599506195
-44.09728355651501,-13.349463975327925
-44.09287180596324,-13.358675051411456
-44.10623729754115,-13.385014821632883
-44.09261679432886,-13.379030453167962
-44.08323599604971,-13.3747863752231
-44.081701897591685,-13.38209396798948
-44.103218012765154,-13.358377411725147
-44.06891785257473,-13.377457660629332
-44.06147003845497,-13.37253620476741
-44.06006706405317,-13.363911240807004
-44.06459616402502,-13.358028696203991
-44.06693423219734,-13.361031379008365
-44.04919677533795,-13.349056515614636
-44.0467426348421,-13.35481643471344
-44.05893413162103,-13.350220282658364
-44.06275561425686,-13.339467776437296
-44.0228505054275,-13.35141504936272
-44.06991447548967,-13.37192256799143
-44.01762241769973,-13.32445387467888
-44.06528837019175,-13.33313017833135
-44.01003549736606,-13.330986163951735
-43.76583429821166,-13.14952117643108
-44.000797927374364,-13.334118521189932
-43.98966023380396,-13.335022525973745
-43.97997761877065,-13.337759688826228
-43.99710385469972,-13.342662248224908
-43.99587123071427,-13.35089890708673
-43.986268747275886,-13.346397801338412
-43.98085345724842,-13.32802831890002
-43.93224033926511,-13.312456363682124
-43.93231880063327,-13.322505288551977
-43.926696980629714,-13.340567844968824
-44.00332060185957,-13.322903026807293
-43.9156946587701,-13.314870014348598
-43.90657813530845,-13.313792259608078
-43.90580506274853,-13.325191603305322
-43.90873680951057,-13.305886770386435
-43.92849745003917,-13.331269715356052
-43.914313401056944,-13.335881252285834
-43.91650636114764,-13.325218192646162
-43.85299880283038,-13.31325683632214
-43.848664883097584,-13.321143141126623
-43.85588719177976,-13.321873889729378
-44.01777556660605,-13.336443732977239
-44.68048914500787,-13.346906659482908
-44.24497251127865,-13.490373794562338
-44.249370726451744,-13.499863620789
-44.25652049674581,-13.496991922371386
-44.3657879970271,-13.423874114831037
-44.31611893381972,-13.598217179932425
-44.26280966596016,-13.54971262868591
-44.269587000632924,-13.543529315939264
-44.67155936211668,-13.355986290703811
-44.272683181638314,-13.549935046931429
-43.68043092047925,-14.093597732512382
-43.692398671900676,-14.147902557132054
-43.69814629573176,-14.152032458381214
-43.692561609106406,-14.153631698149745
-43.67355237315985,-14.055592766500094
-44.45866762344785,-14.308519481461087
-44.46918461582014,-14.310417949163579
-43.87396403397716,-13.303933784626295
-44.23148902113114,-14.235003433348187
-44.6654268550421,-14.180695166036985
-46.64731696758753,-8.561737097273785
-46.74187978792475,-7.861691385666824
-46.70413689982635,-8.62113648144334
-46.787548214029385,-7.887289976161364
-46.828833932002695,-7.863495370226502
-46.666547325178556,-8.570432947975572
-46.68413642946237,-8.594764778535424
-46.6557173886983,-8.562638362759124
-46.74835478820427,-8.558680496758726
-46.76895940715829,-7.892102803885315
-46.75183606399656,-7.8841278576020155
-46.694188221508966,-8.610891578423521
-46.82482031304993,-7.84736704906563
-46.8408274234897,-7.84710138022602
-46.39534917849388,-7.444869303489607
-46.77984275477411,-7.886152554320931
-46.39644428018147,-7.414853920791227
-46.76039134800138,-7.874440381063415
-46.407462359740805,-7.4789926992439675
-46.40189314519961,-7.478409639826603
-46.315518661006735,-7.4377158608223475
-46.294204202162334,-7.393663098150904
-46.35118277458322,-7.4085351456968365
-46.678691103054575,-8.59100004536392
-45.860346177035126,-7.466691732778726
-46.29210955826418,-7.413480400895401
-46.303222875067874,-7.394811610968682
-46.35842616260873,-7.41741031699393
-46.288428933501145,-7.3768554961341835
-45.91943613063315,-7.315990401951376
-45.9753609465116,-7.227517461016433
-45.969695807652414,-7.231320583845389
-45.95048653511161,-7.226265470654358
-46.35562149860078,-7.419447808563055
-46.31622041795836,-7.443545062545592
-45.865893708178774,-7.214707225867016
-45.92559636080981,-7.322704172665777
-45.9507768998278,-7.236341396770619
-47.03362560017547,-6.494684496648539
-45.98472663393255,-7.2231913132186545
-45.91164983725919,-7.324511145276485
-45.93628237398611,-7.271174825638106
-46.14694934300499,-7.6819072978608345
-47.36553787057271,-6.009828396992312
-45.994627304239046,-5.808013643563799
-45.98832277783718,-5.80346560282875
-45.208801076916615,-5.480496698899968
-45.98758153522193,-5.810368797930405
-47.928527823248885,-5.21017757296152
-45.19893044137487,-5.472899867953544
-44.995083029668514,-5.199292829530451
-45.17807845143246,-5.483618658604971
-45.7575558631022,-5.734635794474581
-43.3795168035046,-5.01718161043235
-43.014245868557325,-3.6406869186786026
-45.18314017924159,-5.4938219399136
-45.19228857244631,-5.467220645945766
-44.83364325747743,-6.723843209941149
-47.92013450962931,-5.2195333101073835
-44.82877794672099,-6.715572544674826
-47.914868869442785,-5.211678537867991
-45.18801980422064,-5.4611591097239565
-44.634257108724924,-7.218066430083136
-46.41960833382913,-7.484974785729079
-46.71677292293593,-8.561783409670227
-46.29896079224109,-7.383896979643598
-42.939261722293466,-5.087524586111229
-44.63418756160432,-7.225957871953259
-46.67128752229799,-8.581588212104052
-44.3249102401162,-9.080662573713141
-44.25659666588878,-8.95390811156303
-44.71732872247589,-9.505284837371729
-44.705463711756124,-9.50198757126621
-44.69610719367617,-9.503088553636921
-43.858183884832506,-7.312307242952535
-44.32498028927617,-9.07409802102163
-43.78504623540128,-8.14621496305774
-44.25720073253848,-8.956469195905317
-43.835578485145774,-8.413878890142577
-44.71735030166241,-9.498281893544362
-43.84045370039938,-8.39912862075876
-43.77515041940758,-7.958326991528054
-44.359455961895165,-9.136732731921462
-44.72453283314637,-9.512209736858765
-44.70218951260824,-9.483602817207043
-44.71075934859659,-9.489299806500306
-44.69998122954508,-9.493844425963314
-44.727023562258736,-9.506262865966
-44.48170961266976,-9.270997257142719
-49.14107496017914,-11.8933805697042
-49.12993897699313,-11.896361078184075
-49.12697400220355,-11.879684744404264
-48.75307136091894,-12.08378066857809
-48.74647414452351,-12.09181586122282
-48.74421183624187,-12.076723951308438
-48.732675382392586,-12.107977062333868
-49.15224493141474,-11.82281953740619
-48.89965584553026,-11.897383368774317
-48.70117227356258,-12.319830479683631
-48.70108535285371,-11.119022014992353
-49.14163711065534,-12.211777660759317
-48.91099896909526,-11.904690501097598
-48.918736125215744,-11.841838595558201
-48.71779336467448,-11.116895456213008
-48.61876642308549,-11.017845522525487
-48.71738843995392,-11.192477869789984
-48.7369636962804,-12.168459313362018
-48.62463248892641,-12.35329140730687
-49.15266185954157,-12.207990855901098
-48.71082814583079,-11.176493661795625
-48.67014741422143,-11.726820645004342
-48.50875908575138,-10.98862972331666
-48.66476699051678,-11.180705055438306
-48.67480976180368,-10.859824941913224
-48.662926348242124,-11.715977972640495
-49.52965347034533,-10.020295192261038
-48.695193890919164,-11.1688626911863
-49.185415439133166,-12.141221671066882
-48.30460108863531,-10.510683447373603
-48.69204210898768,-11.121190258588989
-49.25318168344126,-12.044464369698325
-49.33498553844298,-12.251726918103259
-49.24697360804493,-12.043992212900955
-48.34899282008343,-10.619267793476212
-48.6581042108524,-11.811327976945257
-48.68379967859172,-10.149100770109786
-48.45921333754035,-10.370574213948988
-48.69623049613271,-11.110989165869672
-49.25745458502438,-12.062259520996006
-48.371886634166486,-10.589195920028164
-48.601541163372886,-10.287391892650122
-48.34241671799244,-10.538591073410256
-48.3860974998215,-10.589513987603642
-48.38302884397857,-10.498099120312258
-49.675246823705095,-9.999525472690179
-49.53685176716225,-10.017287091692047
-48.31824651013102,-10.597252554323823
-48.38617652511518,-10.61362367080408
-48.6849536489883,-10.159904267551214
-48.38062322613464,-10.614884503672828
-49.51880546081382,-10.008376685300949
-48.38076257814184,-10.659249958033044
-48.600430817507586,-10.29232960824441
-49.506165811118514,-10.012496341810756
-49.53368255105828,-9.993254760603683
-49.524649935419035,-10.001522782599482
-48.38043830509771,-10.638223262367267
-48.216860684324345,-9.209102072968658
-48.2129334338495,-9.213430961288399
-47.90450917933294,-10.196869736315547
-47.86147488263833,-10.207833121883617
-47.88169009533917,-10.205169747881392
-47.89330400988437,-10.16684435052637
-49.511635076768115,-10.000149483766933
-48.21980358312173,-9.210806355797986
-48.16502516038346,-9.180383166995757
-47.85353876429177,-10.121558112229232
-48.22557258546601,-9.197154022056864
-48.06240496765247,-9.190103480087092
-48.109397211076114,-9.173057834338797
-48.087999059514274,-9.249144938132568
-48.10858975033317,-9.18338198962558
-48.05624310246509,-9.207326507957259
-48.115627416343436,-9.174902346316486
-48.12300511484925,-9.2105366569729
-48.59911322203152,-10.29051758642311
-48.066259788275694,-9.313695403082864
-48.17307250363079,-9.19320488905676
-48.12640636248662,-9.314051697038023
-48.13596476249867,-9.36241651072429
-48.129109002987946,-9.307434552645747
-48.212719839669376,-9.218294845109899
-48.116562751634966,-9.303502240371488
-48.13565709678305,-9.375222120035653
-48.13135924771234,-9.3517294926491
-48.18575321795561,-9.151123575256833
-48.1104342228585,-9.345905579478355
-48.11993187017494,-9.409669383922644
-48.09458188864657,-9.31061326012945
-48.064377873160474,-9.2522751738767
-48.10375738673606,-9.336520374043843
-48.12334819149254,-9.370777428889294
-48.161086741472985,-11.136101122150722
-48.28204984070693,-9.216293883545855
-48.25671234820561,-9.170770584379994
-48.27307687686965,-9.198183842213147
-48.26623829152951,-9.208937041218004
-48.154750042884444,-11.124713956815413
-48.095687328298546,-9.336499726040305
-48.12377075782097,-11.0712817964891
-48.154604771318375,-11.134420612288672
-48.003441625399475,-7.804339452555819
-48.13561684331289,-11.064292756943754
-48.09537710989096,-7.442378143357429
-48.04852494427645,-7.959936995007026
-48.146881834488525,-11.138198501243291
-48.17143223702942,-7.285746492544176
-48.149883280187495,-9.157548206888345
-46.94641207897624,-8.023927393000237
-48.08814815704598,-7.439960703433557
-46.948098407367766,-8.016524061206063
-48.032777911361734,-11.524707640308634
-47.20506145674905,-7.872238857680205
-49.947724882752716,-12.120139718650183
-48.46428478937691,-9.792817140175979
-49.94417173899923,-12.121700882450828
-46.9426271760483,-8.00951764971705
-49.85405624099323,-13.001678033550107
-49.85167313177112,-12.55238505917204
-49.3782919666218,-13.064535559629363
-50.05693151306602,-12.39568073537718
-49.39314924755017,-13.070452769802824
-49.93792007921381,-12.118258364778427
-47.94417610892606,-9.788409368919798
-46.868841186375974,-12.207003440878104
-47.94952917986388,-9.786831483044242
-47.95356296518505,-9.782612747712868
-47.948262451015886,-9.784179265285378
-49.859753047301545,-12.565297103081264
-47.50125313327795,-9.788732832564662
-47.942634667906674,-9.783162704488028
-47.509298723049724,-9.794973887757907
-49.78836893917456,-9.192213378582618
-48.262216850956094,-9.173887201636314
-46.173544353695846,-10.592189405924856
-48.13385682160248,-9.217599019384522
-47.95489659721511,-9.785204431189833
-48.130448873651844,-9.206851841182548
-48.132261369818515,-9.186673071875902
-48.179028763480616,-9.206180688648018
-48.18111366237186,-9.23059150768006
-48.17685433141047,-9.218751862289853
-48.21347739517887,-9.192369743529706
-48.23188069567485,-9.182532333655047
-48.21825857470866,-9.184045720594277
-48.26644638624745,-9.18965716760536
-48.09051414557955,-9.24334992052837
-48.17634440901719,-9.17382548083884
-48.060021269448995,-9.261788469532043
-48.26376081807494,-9.191073250106296
-48.07427018550058,-9.239734710125472
-48.14387795857664,-9.209787815178144
-47.981191035219304,-9.86661222032836
-48.10705993670674,-9.21668074974886
-46.03700925754508,-10.49436424042911
