"2017-11-01","2017-11-17","2017-12-03","2017-12-19","2018-01-01","2018-01-17","2018-02-02","2018-02-18","2018-03-06","2018-03-22"
3397,4831,4921,4450,4958,4410,5466,5745,5373,5543
5837,7602,7078,7937,6237,4795,7494,7139,8027,6836
2930,1920,1529,2508,2923,1830,1687,3011,6514,6159
2954,4048,3809,5620,4056,1885,2875,1820,2399,3992
2291,2652,3496,3973,6897,8328,9251,8156,8467,8324
3206,4120,6869,3453,3453,3435,4019,5420,6198,7769
3513,5222,6044,5791,5408,5446,6308,6217,5603,5498
5555,7358,7949,7659,7828,8076,7528,7667,8187,8226
5709,6707,7530,6310,7141,6924,7387,7512,6981,7191
5979,5821,7515,7468,7558,7533,6361,6558,7536,4237
4187,4426,3665,4830,8040,8064,8529,8785,2821,3839
5266,6921,7799,6102,6728,4914,7098,7748,8512,8674
6354,3833,3918,5715,7182,6034,8602,6661,5918,6492
4426,4814,4169,6786,7576,6147,7463,5893,5997,6193
6157,8590,8851,9152,9193,9145,5916,3133,3515,2373
2659,2039,3909,4371,5862,8648,9419,9447,8544,3501
2157,2357,6120,7464,9197,9263,9265,9315,6325,2938
3619,2589,5218,7629,8537,9100,9253,9390,8976,8528
2653,2991,7358,7561,7934,8958,8536,4342,1502,6013
2444,3528,5540,8544,9216,9404,9016,6591,4643,3851
6089,3812,1941,2679,5376,7518,9517,9207,8362,6903
4396,3320,3179,4294,6630,7860,9385,8791,6054,3819
5023,8353,8519,8580,8451,7706,6732,6669,6927,2373
2267,3235,9464,8583,8850,8863,9050,8819,7794,5767
7026,8701,7746,8122,8442,7556,6644,6929,6111,2222
5194,8162,6637,9057,9414,9267,7359,5337,7540,8873
2775,2192,2311,4375,8185,8809,9203,9456,7826,4564
8593,9080,5681,7743,7447,7517,4287,5118,3897,3593
6140,5490,4551,4120,3729,4311,8803,9431,6943,5571
2914,5985,6234,3140,5120,5750,8795,8869,8280,6958
6013,3753,2417,3345,3133,4324,8315,9120,2870,9264
2366,2200,2302,2125,2736,2414,2804,3385,4563,4499
2214,1923,2197,3088,2100,2285,3556,4194,4653,6426
1731,1436,2142,1838,2082,2430,3287,4209,3974,5720
1637,1413,1970,2036,1544,2144,5921,8001,6997,8722
1718,1900,2032,2997,1569,2177,1127,2160,1889,1573
1704,1650,2028,2229,2805,3500,3850,3863,4185,5699
1739,1421,2041,1213,1527,1575,2643,3628,3508,3709
2212,3539,8275,8633,8552,8461,6385,4846,4371,4622
5246,8641,9415,8794,9086,9103,6294,2742,2856,2557
2356,2760,2824,3027,3004,3082,6942,8622,8300,8914
8208,8393,6141,6710,4215,3054,3702,4787,6365,8898
1904,3290,6352,6920,7697,8045,7469,7721,7876,7167
3647,5581,3465,3234,5771,6685,9081,9040,7247,6520
2086,2765,4109,6075,8931,9090,9275,8695,9071,6689
2342,2625,2925,2505,7022,8375,8669,5784,3819,4478
2761,7611,7771,8471,8144,6684,4377,3204,3313,3278
3876,8627,7117,8690,6639,6321,3698,3257,3442,3274
2323,5423,7089,7445,7670,6914,5459,4274,4012,3582
2209,3889,7327,8121,8096,7796,6310,4029,3681,3158
2380,2204,2496,2006,2277,2429,2943,3776,3511,5159
7650,9306,9556,9446,8800,6611,3107,4087,4410,5445
4724,8272,7892,8513,7672,6403,3888,2820,3140,3005
7128,7642,6664,3264,2744,2291,3304,5228,6536,7940
2242,3464,3841,5213,8851,9006,8827,8292,8651,7791
2291,2597,4752,5563,8790,9089,9076,9036,9199,7602
4499,8035,3640,2643,2558,2459,3724,5777,5242,8059
8112,8928,8847,9561,7561,4422,2592,3516,4680,5723
7223,9388,9509,9380,9034,6824,2359,2681,5152,4533
4252,8153,8522,9220,9045,8371,3139,2388,2670,4285
3681,8059,9153,9479,9213,8185,2553,3014,3860,4785
7514,6724,4369,3484,2214,2396,2710,5319,6920,8349
3990,4357,6720,9296,9455,9303,4223,2791,3944,3814
7058,9069,9567,9291,8227,4909,3119,3236,4735,5728
7903,8999,9648,9360,6890,3816,2897,3149,4368,5973
2204,3475,6860,7761,9212,9239,9066,6572,5020,2727
2310,3243,4199,5613,8979,9166,8904,8395,8685,7481
2762,4109,8168,8136,7965,7688,5921,3492,3373,3100
2100,3726,7759,9307,9445,9445,6495,3127,3078,4644
3655,4735,7800,9152,9381,9348,3174,2218,3423,2928
8188,8490,8319,4722,2590,2108,2348,4769,5532,7227
6743,7535,6225,6296,6360,5888,1969,2002,2595,3679
1939,5547,9175,9217,9503,9398,4573,2569,4774,2825
5283,8636,8325,9226,8972,7994,1987,2654,2553,5303
5212,9115,7688,9487,9185,8231,2562,2711,5756,5772
6779,5701,5312,2847,2386,3114,5573,7043,7850,8253
3386,7616,9437,9449,9440,9370,3264,2650,3611,5485
3876,2518,4547,7402,8945,9302,9189,7553,3303,2844
7832,5356,4531,3379,2344,2815,5446,7835,8299,9201
3256,8486,9145,9496,9283,8721,2177,2886,3084,4172
6051,8254,6844,3062,3240,2961,2789,5211,4147,6955
3726,3705,7174,9179,9369,9400,3651,3050,4105,4602
3895,8112,8524,9344,9175,8271,2196,2927,3458,5043
3651,8925,9161,9315,8999,7680,1988,2972,6114,5556
2445,2735,5475,5393,2679,2665,2411,4948,3861,8067
2914,3749,8876,9201,9410,9498,8105,3059,1555,3236
3760,3724,8561,9141,9390,9401,3930,2597,5257,4737
2411,6360,7817,8432,8111,6695,5028,5438,4458,3652
6600,6496,6289,6546,6465,3629,2846,3774,6045,7703
4226,8176,8710,9301,9098,8679,2136,2779,4626,5676
4881,6374,9368,8758,8249,8779,2201,2648,3174,6004
8375,7125,5824,3326,3391,3139,2593,4602,4988,6634
2510,4228,8866,9303,9525,9476,7001,2636,2511,2676
3912,3294,4284,6565,9279,9497,8982,5918,6000,2736
5156,8936,8281,7826,5569,5232,3740,2736,2174,3853
4548,9065,9164,9460,8944,8661,2313,2961,2820,6051
3118,4788,6941,9156,9452,9395,6075,2762,3371,3949
5878,8758,9024,8730,8553,7957,3403,3466,4156,6053
3411,6489,8518,9388,9347,9087,2162,3044,4862,5617
8537,8720,7798,5873,4659,4186,2923,3173,3520,6255
3739,7608,8738,9252,8919,7170,2274,3271,3570,6146
2985,6060,8083,8326,7251,6774,4257,3755,5780,3251
8405,8554,7784,6258,5125,4547,2918,3135,3935,6733
8633,7027,6739,4957,4302,3710,2931,4685,7374,6314
8144,8620,8448,6696,6533,6094,2966,3018,3337,4859
3219,4512,6573,9159,9202,9291,7324,3191,3491,2880
3266,6247,9136,9224,9387,9381,4489,2908,4416,3763
3051,5606,7542,8895,9278,9090,3995,3022,3381,4231
2992,4342,7600,7183,9063,9104,7215,3621,3516,4183
3472,5997,4721,2549,2163,2386,5594,6955,7282,8886
8788,8454,6916,6098,3947,3392,3235,3526,5765,7297
2577,4181,5801,8699,9177,9274,8162,3781,2499,3981
8983,8920,6284,2634,2713,2858,4893,6379,4243,7769
4243,8267,9186,9205,9021,8093,2280,2948,4353,6445
8647,8928,6943,3252,2671,2779,4815,6460,6734,9179
8932,8949,3524,3533,2613,2955,6078,7572,8435,9247
2834,2839,4195,7173,9499,9486,8931,5515,2014,2943
8007,8515,6270,2811,2639,2723,4940,7016,4862,9005
8778,9073,5691,2563,2747,2788,5874,7133,6386,9100
3620,6738,7163,9284,9318,9168,2565,4227,3788,6283
8819,8431,4607,2795,2849,3747,7418,4435,8746,9221
9113,9161,7100,2900,2636,2854,5791,7760,4094,9045
6985,7201,3619,2896,3043,4028,7449,7915,7849,9157
9113,9248,7126,4206,2458,2825,4538,6412,7522,9143
3383,3113,4943,2806,2418,2617,4437,6297,6946,9159
9011,9118,5654,3798,2404,2787,4647,6299,5909,9098
8756,7061,2614,3095,2889,3549,6649,7253,4762,9018
3282,8332,9061,9464,9448,9284,2726,2856,3529,5646
5106,8643,6225,9543,9399,9278,2687,2985,3747,6175
3452,3614,5181,3255,1657,2745,3960,6052,3324,9177
3881,7582,8934,9396,9391,9359,2753,3050,3780,5269
9110,8761,6415,2863,2949,3317,6469,7444,8018,9130
1981,3500,7050,8394,9165,8627,7094,4133,2391,2342
8095,8660,6747,3661,2750,2764,3851,6116,5682,8961
3107,2959,5910,7558,8374,9254,7269,5984,6806,3060
8953,8959,7716,7207,2462,2877,5163,8517,8042,8247
8929,9012,6956,6025,2577,2459,3802,8567,7276,8931
1926,4152,7839,8364,9102,9012,7601,4439,2390,2844
4723,8790,7595,9441,9410,9296,2948,2820,3467,4950
2653,3336,3163,4013,3024,3081,4412,1920,1807,2585
7342,8183,7588,6516,5706,6120,6322,6959,6927,7787
5603,6661,4961,5564,5836,6793,8096,6902,7149,7752
2014,2006,1993,2461,2461,2232,3123,1560,2793,2048
6235,6146,4313,6633,7107,8017,5816,6185,7757,6934
5277,7005,6458,5650,7019,7975,5978,7144,7486,7799
6343,6849,5159,5807,6295,6161,7208,5545,7227,5538
5908,8116,6153,6459,7255,6541,7909,6588,6560,6644
6561,6803,7773,5883,7528,5841,6547,6930,6412,8566
6184,7832,5501,6845,7259,6588,6783,6716,7466,6318
6263,6483,4227,6330,6411,7365,7582,5985,7348,7479
7566,7453,4865,7127,7298,5848,6837,5229,6497,7407
9100,9150,7368,3727,3216,2948,5763,7060,7154,9280
6433,7023,5330,5928,6657,7529,5789,6499,6541,6154
6630,7254,7415,7044,7650,7822,7163,7640,8006,7520
6700,4854,2069,2252,2114,1632,5076,7962,8932,8718
6041,2319,2769,1753,2363,2477,8280,9071,8964,8655
2596,3140,3409,2981,3315,2749,6365,8055,8878,9260
1884,2427,4408,5986,8813,9189,9291,8641,9095,6119
1902,2941,2018,8307,8395,9286,8691,6761,3791,2460
1670,3068,7104,7790,9141,9283,8743,6970,4189,2508
1976,2235,4980,6546,7720,9034,8929,8384,6230,3043
1959,2747,6080,7611,7969,9265,9003,7957,5039,2639
1794,1739,1659,1474,1685,1642,2010,2069,2012,1689
1564,1415,1701,1180,1334,1455,1619,1440,1649,1442
1542,1422,1429,2269,2580,3269,7295,7426,7435,6852
2323,1497,1647,2251,5929,6658,8952,9274,9133,9008
2481,3446,1647,2942,4770,5625,8283,6934,6428,4430
3177,4823,8036,8706,8440,9182,8563,3831,2880,2979
6960,6855,3716,2921,2062,1412,3527,6569,9286,9307
1650,1616,1751,1628,1617,1708,2024,1637,2146,1527
5484,5530,1481,1440,2457,2294,7162,8794,8757,8234
2310,3482,7341,6223,8529,9309,8852,6808,4165,2438
7022,5258,2341,2116,3252,1516,3177,6038,6466,9067
1590,1535,1882,1653,1656,1603,2220,1641,1954,1363
2659,2423,2828,2991,3817,4157,2923,3387,3245,3451
3684,4750,2829,3246,3583,4207,8471,8991,9038,8590
7651,8240,5404,4556,2726,1660,3341,6319,8859,9215
2652,4040,5583,3208,3086,2957,7715,9024,8950,8628
2093,4457,3963,9059,8646,9314,8448,3303,1334,3421
3169,6082,7830,8444,7392,8781,3455,2381,4074,1971
2082,2713,1741,4976,7651,8961,8276,9236,8809,8276
6840,7283,4860,4366,2825,1639,2267,4691,8504,8729
2295,2584,2018,5463,8900,9174,7954,9131,6904,8022
6752,8260,7642,6548,4373,1763,1912,3581,7949,8207
2256,3823,2914,8686,8942,9238,6142,5620,2805,2867
5586,5702,4145,5940,5572,4589,2304,1367,1704,1738
1694,1716,1965,1854,2334,2039,4766,7438,8514,7472
1458,1987,1708,2437,6084,7988,8329,9041,8704,7735
2554,4368,1328,1359,1680,2282,6729,6263,5033,3931
1826,2646,2193,5776,6284,6733,2080,3754,5864,7366
6771,7740,1229,5346,5060,3184,3000,5003,5636,7733
1446,2618,2643,2983,6230,8150,9159,9212,8926,7920
1309,1514,1736,2236,4649,5962,8567,8197,8567,5260
1536,1628,1276,1536,2310,1758,1661,1393,1610,1509
1513,1396,3076,1656,2399,2950,6389,7391,8493,7025
1656,1541,1059,1394,1719,1551,1810,1938,2759,2670
1734,1674,1363,1793,1793,1603,2181,2088,2944,1928
1615,1838,1687,2306,2306,2181,3899,4763,2926,7688
1379,1635,1303,2851,5365,6695,8549,7055,4899,5019
3263,7710,1225,8351,8937,8500,2470,2053,2364,1742
3028,7928,3949,9116,9177,8300,1539,1680,2468,2556
3295,5135,8212,8955,9155,8906,8506,3468,3109,2798
2442,7652,5336,9431,9378,9199,7506,2609,2036,1748
5894,7123,4618,2753,2790,3274,6474,7300,7845,8612
1891,2058,2578,2045,4275,5075,8679,7918,7945,7041
1238,1915,2045,2191,3820,4778,7494,7264,7073,5713
6684,7340,6894,2944,3945,3806,8271,8712,9231,9149
2160,1741,1082,1743,1743,1743,1981,1925,2419,2745
5174,4095,2780,3693,2593,3187,6320,7512,7923,7709
2103,5429,7175,8984,8984,9046,6357,3862,3042,2286
1157,1599,1620,1694,2759,2815,4394,4079,2904,4255
4812,6638,8491,9226,9226,9279,4598,3603,5787,4367
2981,6506,8674,9167,8874,9239,4710,3717,3001,2924
2721,5266,8337,8527,8527,9112,5418,3901,7401,5862
5200,8732,8079,8577,8577,8634,8607,7842,7954,8844
5606,8472,8173,8286,8412,8510,8478,8742,8076,9250
4319,8854,8711,8147,8710,8015,8766,8058,8532,8094
7207,8323,8348,7076,7713,8045,7812,8411,8446,8393
2619,2747,4005,4360,7687,8060,7887,5239,3724,3006
8408,8802,8693,8979,8839,8716,8700,8965,9389,8240
6210,7974,8020,6351,6881,7102,8550,8265,5825,8425
6576,8695,8509,8718,8718,9041,8825,9039,7997,9230
3705,6730,8337,6665,8649,8579,8420,8507,8526,8428
1741,1944,2974,3726,7052,4808,8751,8088,8532,8767
7005,8391,8566,8015,8987,8750,8860,8912,8218,8822
4203,8200,8705,8780,8780,9206,8707,8390,8923,8715
1872,2007,2430,3442,3442,5983,7268,3931,2881,3811
1911,2600,2907,6188,8551,8422,8718,8649,8840,7635
2393,2654,2994,4035,7766,7399,8827,8491,8638,4582
3647,2521,2495,4232,8347,7451,9025,8773,8892,4426
2290,2197,2725,3858,5192,7091,8858,8829,6592,4629
3201,5708,5770,6551,6952,6656,6833,6828,6555,6455
3598,4425,2913,4323,8066,6777,8239,8286,6973,6965
2030,2731,3201,4797,7706,6865,7911,6334,5137,3631
2120,5358,7105,9324,9065,9396,6903,3585,2887,4561
2200,3296,7372,8304,9193,8794,9011,8445,3064,2020
2203,1896,6130,6188,8933,9390,8680,9225,6346,3479
3571,2024,4833,4961,9162,9428,9151,8647,2909,2255
2879,2344,6830,8208,9388,9418,9308,9100,7354,2783
4494,7468,7935,9338,9248,8803,3706,3652,2409,1880
6577,7129,6284,7144,7442,6387,6933,7068,8030,7893
6619,7406,5882,6797,7662,6993,7531,6356,8181,7970
1967,3086,3793,8395,8718,8299,3534,5556,6130,6803
2467,4069,2966,9341,9524,9250,7391,3949,2563,2945
4258,8677,8537,9249,9223,8045,3070,3225,2743,6514
3855,7043,8357,9428,9435,9326,8349,2559,1795,1758
2007,2679,6299,8757,9452,9481,9129,8859,4443,3751
2573,4032,5729,8946,9787,9273,8776,3648,2472,2227
1945,2947,5146,8310,9203,9316,7810,6878,2066,2476
4472,6316,2149,4461,4461,8484,9375,7048,9001,4247
4066,6665,4212,7814,7814,8079,7647,7660,7383,8035
2259,3731,4386,8498,9062,9409,8058,3208,2805,2740
2686,2615,3952,6958,8645,9211,8950,6471,5152,3348
2804,7532,8927,9119,9404,8903,4178,2602,2978,6266
5037,8906,2159,9252,9032,5329,3373,3811,2544,6725
2996,4485,6117,9303,9303,9430,6678,3789,3176,7739
5774,7391,7696,5126,5126,4085,3014,4384,4308,4686
3247,4241,7614,9000,9373,9333,8228,4930,2664,3813
3680,7980,8602,9077,8865,4204,4019,3318,6803,7819
3941,3424,5466,8297,9226,9501,7857,5509,3925,4705
2329,6523,7608,9147,9657,9306,4337,2889,6963,5009
2267,3174,5776,6648,9047,9034,7439,4876,3713,4382
2893,5029,6873,9327,9338,9228,6577,5570,7353,1554
2042,2198,3653,7268,9181,9371,8877,8330,4211,3108
2261,3131,4657,8284,8284,9298,8000,5986,6515,3369
2556,4898,7465,8951,9282,8973,5283,2978,2420,4526
2504,6499,8479,9184,9184,9298,4630,3962,5143,4013
2537,3459,4871,6543,6046,3674,3306,5373,5143,8606
3663,4088,6826,7424,6309,6497,6403,6576,5396,5216
5645,8236,7881,8200,7197,7515,6835,7851,6631,5647
4434,4904,3304,4608,8619,9037,8976,8153,9203,2216
3874,6845,8679,8153,7426,5330,6175,4992,4177,3081
2906,7268,8301,7163,5587,9315,5625,2948,3224,8035
2532,2325,3062,6058,8114,9004,7119,8145,8543,4991
2225,2829,1694,3452,6639,5992,9138,8202,6753,7382
4653,5431,5220,4369,4369,2899,6791,8775,7263,8586
1932,2383,2391,7724,9095,9384,9372,7960,8758,2428
1668,2120,3869,6261,8641,8582,9366,6995,8615,5511
5217,2856,2720,4592,7291,6813,8515,7970,7408,6712
5072,5604,7944,6540,5897,5830,7090,7419,7757,6692
4473,5814,5744,4640,3250,2689,4802,6858,4908,3649
2122,2379,3388,8573,8730,9455,9126,8571,6549,3482
1911,3151,4485,9210,8910,9385,9260,6253,3107,2665
3325,8552,9008,9096,9448,9173,3119,3906,8437,7593
7110,6917,7050,7317,7004,7188,8621,8028,8105,9038
3108,2303,4370,7097,8804,9505,8981,8322,3455,3502
4028,3825,4311,7101,9199,9295,8739,6516,4273,3757
5150,6940,7622,6843,7222,6854,6572,6517,7389,7154
2800,3776,4484,5484,4452,6055,6503,6165,6389,6333
3277,2928,7052,7872,9035,9315,8354,8660,4769,3989
2786,4245,6655,5785,7740,8147,7254,4911,5031,3168
5598,8587,8387,8905,8905,8218,8877,9694,8517,8852
1647,3696,5345,8364,8364,9233,8682,7971,8015,3772
2918,3819,3618,5849,7579,6154,6130,4152,3704,2219
2235,5023,6162,7046,7046,6188,6951,7139,6459,5376
5533,7350,7292,2123,2123,2180,6586,4006,8263,3976
4479,7626,8019,8071,7329,7521,8177,7932,7283,7232
4539,7783,8054,7570,7570,7566,7771,8365,2800,6022
4551,7040,8170,8278,7344,7458,7827,8110,5792,7879
5113,8072,8460,8369,8369,7930,8735,8676,8751,7775
5722,8414,8430,8723,8366,7952,8406,8573,7103,8638
4842,5551,7841,8417,7434,6990,7653,7592,4018,3318
6171,7878,8367,8841,8361,7262,8703,7345,8453,7850
3153,8383,8555,8461,8580,8054,8896,8615,7804,8205
1973,3721,7785,8899,8899,7254,3522,2871,3396,5225
5503,7238,8033,8103,8784,7302,8604,8145,8023,7846
5522,7717,8316,8486,8759,7862,8610,7897,8733,7833
7788,7996,7894,8735,8735,8327,8556,8015,8839,8514
7614,7879,7512,8543,8543,7341,8781,7020,8225,8253
8310,8301,8037,8232,8232,8060,8188,7709,4604,8283
7842,8176,8446,8552,8552,8424,8181,8485,8319,8623
5252,8368,8556,8770,8235,7649,8649,8776,8973,8344
5203,8464,8697,8531,8531,8774,7253,8747,8919,8777
7253,8050,8677,8276,8276,8294,8022,8592,7590,8669
4419,8674,8344,2937,2937,2266,4335,5745,8363,8774
6013,7934,8627,8939,8939,8718,8763,8808,8784,8270
2231,3652,8507,7407,9576,9394,9010,7195,2809,3264
2831,4691,5424,7348,7269,7000,6044,5146,5053,6223
3651,8275,9086,9238,9238,9206,4537,2334,2117,6447
3354,6080,7872,7914,8214,8908,6874,5896,3934,3822
2115,2396,3473,5431,8732,9251,8759,7718,6432,2076
2190,3235,4996,8145,6651,9237,8570,7755,7372,3905
2733,4829,7160,8382,9032,9119,5102,3820,2845,4102
3415,2233,3720,4927,7184,7077,7329,7260,7104,5881
2831,2346,2746,6286,6286,9172,8503,7985,7367,3161
1480,4245,6657,7560,8578,8222,7338,5185,3732,4873
2175,4144,5618,8818,8818,8973,4898,4178,3938,3786
2342,3109,4787,5664,5664,8738,7199,5516,4209,3582
2296,3655,4889,5291,7076,5942,6784,7643,6937,6266
2483,6092,8984,8354,8886,9251,4487,3990,2819,2490
2051,4359,7818,9275,8946,9578,9119,8190,6705,2912
2166,2680,3268,6117,7277,6519,7377,7607,7839,6991
2627,5215,4159,8741,8690,9091,4785,3239,2766,3388
2144,5541,8068,8929,9206,9152,6152,4180,2809,2362
1941,3064,5470,8830,9705,9517,9072,7755,4490,2222
2020,3034,4647,9144,9141,9603,9122,8514,3526,2567
2115,3232,4156,8528,9403,9419,9117,8499,8173,2518
2558,4834,6274,8421,8579,8994,6972,3720,2615,2284
2337,2531,4995,4401,6054,6647,8251,6903,7554,5838
2211,3318,5386,7532,9381,9565,9091,6997,5560,2248
3033,3764,5036,4905,5003,4855,5641,6764,5862,5640
2283,2915,4363,8920,9348,9489,9095,8653,4484,2389
2255,2294,2932,5710,7261,7317,7924,8760,8262,5628
3755,5614,5492,6862,6862,5229,6581,7315,6647,5375
2800,3531,4565,4988,5097,4512,5477,6389,4987,2524
3138,3812,4970,4933,5397,4925,5432,6449,5304,5655
6235,2394,2707,3787,5576,4017,7736,8086,5277,4366
6307,8652,8566,8841,8602,8874,8329,8376,8953,8892
2560,5438,8166,8842,9205,9331,6603,4211,4137,3157
2304,3209,6098,8184,9386,9508,9005,6737,3724,2546
2553,5736,9391,9127,9319,9278,7121,4053,3721,3501
1887,2457,6456,6539,9183,9421,8815,8564,6510,2760
4552,2461,4249,3743,9264,9457,9062,8848,9134,3493
2563,7400,9061,7576,8810,9024,3874,3767,4977,2264
2360,5735,6642,8561,9207,8565,4570,2719,2753,2296
2347,6390,8172,9024,9249,9344,7052,4070,3158,3056
2245,2850,4828,5701,8452,8048,7220,7246,4020,3898
6206,4991,5168,5100,4261,3166,5091,8613,8992,1130
2630,6683,6312,9197,8587,9007,5763,3774,3390,3055
5487,6428,5406,3518,3518,2645,4844,8200,8044,9769
2138,2677,4839,7553,7553,9431,9331,8895,8673,2671
2039,2677,6419,6620,9277,9449,9165,8468,6080,2909
1956,2398,6007,6564,9182,9383,9164,8686,7738,2625
2422,3212,6281,7027,9317,9395,8858,7877,3374,2444
2562,2657,4697,7712,9257,9400,8991,6788,3678,2752
3039,4092,5892,6292,6720,6184,3578,6662,6722,5908
8281,8445,8140,8739,8739,8227,7696,3769,3210,5618
1782,3123,4269,5950,8749,9220,6155,5337,2757,3678
2772,3425,4851,4430,4873,4341,5376,6271,5107,5116
1962,2826,5006,6376,7975,7812,7789,5709,5095,3443
1926,2354,4046,5519,7820,7214,6210,5709,3998,5620
1820,3040,5941,6314,8272,9097,8463,6182,4612,3233
1989,3109,3424,5152,5720,5513,3621,4206,3511,4168
1834,2537,3645,3959,5720,5513,3621,3940,3780,5684
1933,2660,4129,4705,5779,4814,5038,4249,3542,4339
2146,3533,4129,4134,5771,5024,5038,4676,5203,3650
2372,3533,4129,4134,5779,5296,5038,4676,5206,4682
2146,3533,4129,4134,5771,5024,5038,4676,5203,3650
2538,7610,9108,8392,9496,9104,6628,5181,3161,3360
4378,8235,6750,7077,7322,4975,4532,7257,6195,8043
4332,8243,8285,8327,7524,7754,5791,5031,5948,3683
4734,4943,5951,6026,5048,4652,2808,5794,3647,5561
2464,3177,5166,6159,8160,8981,8990,7907,8606,5960
5306,8856,8974,8796,4895,3322,3745,7547,7643,8320
2150,3829,1640,3088,3088,4342,7512,7452,6438,2338
4728,8356,8351,6801,6819,7301,4818,5469,6800,6497
2098,2072,5217,8632,8667,9145,8135,5217,5445,2898
2753,3375,6392,9079,9531,9139,8869,8220,8622,8321
1989,3114,3645,4242,6041,3160,3621,3940,3467,4030
2705,5813,4384,5004,5004,3131,4130,7839,7302,7478
6769,8254,4464,3132,3132,3399,7254,8661,8289,4222
6957,8773,5274,5750,4086,2933,4590,7576,9172,7049
2043,2660,3645,4242,5779,4096,5220,4249,4977,6285
6521,7460,6968,7954,8237,8445,7288,8191,8178,8149
7681,8442,2982,4110,4110,7297,8168,7987,8021,8049
7542,3430,2541,2822,8032,8469,8221,8022,9115,6110
4201,8531,9390,8535,9285,9237,3528,2730,2681,7256
2846,4900,4235,5864,6634,8848,7755,8816,6865,2902
2169,3722,4050,7427,7427,9021,8028,5085,3538,3538
1560,2509,4088,8181,8968,9446,8815,7736,6895,2675
2008,3165,3424,5152,5720,4907,3621,4206,4363,3757
2163,3118,4375,6282,9349,9340,9009,9137,7889,3639
3910,7163,9239,9286,9286,9125,3902,3905,3026,6007
2075,2513,3347,6193,9282,9370,9204,8759,5153,3687
5433,8530,6678,7126,6040,4381,5112,4349,8446,4969
2015,3230,6407,9181,9664,9428,8549,7592,3425,2511
3557,5435,6470,6309,6167,5742,6034,5185,5270,4854
2740,5592,7570,7222,6959,6121,4150,6207,8708,7746
3393,8721,4093,7838,9298,8789,4109,2893,3245,4438
3088,3214,7462,9076,9382,9327,8244,3205,2823,3405
3297,7763,8622,8963,9289,9181,5006,3917,2984,5921
2359,7988,7706,8683,9172,8997,5281,2780,3371,2409
2690,4912,7630,9076,6836,9360,8603,5213,2617,920
5358,8994,8613,8731,9171,8810,8559,8428,8601,8551
2833,6288,7460,8803,9127,9261,8434,4577,3439,5032
3255,6790,8503,9148,7794,9191,7689,3737,3230,4094
2823,3341,3325,4335,7275,9143,8875,9255,8993,5408
2128,4835,7787,8589,8482,8557,3569,3730,7674,4372
2827,4642,2705,3794,3794,5983,7724,7884,7248,6118
1841,3679,5421,5308,6325,5120,6378,6171,3754,5756
4651,6755,6910,6778,8137,6871,6754,7510,7906,7105
5685,7303,7237,6851,8370,8638,8241,7455,8341,8969
6064,8116,8290,9064,8323,8440,8351,8726,9332,8393
2557,7451,8957,8646,8998,9311,4339,4280,6201,8644
2338,7308,7966,9339,8582,9333,4767,2747,3943,8577
2910,8400,9022,9136,8433,9255,4075,2574,5715,6512
3260,6593,8951,9115,9090,9251,6409,3531,3782,6243
2219,3528,5427,7933,6833,9379,8736,7830,3262,3443
2865,7914,8932,9371,9371,9210,4850,2851,6606,8137
2765,8042,8437,8674,9556,7375,6604,3068,7071,7883
2392,7311,8908,9310,9542,9232,3704,2794,7494,8960
3956,6345,4510,7968,7968,8636,4753,7556,6627,6568
2226,2860,7700,8533,9536,9298,7813,5560,4902,6265
6239,9380,8281,8887,8336,7638,5357,4384,5407,6082
3113,6057,9043,8968,8968,9075,3920,3548,3011,3482
5695,7938,9266,9069,9069,8615,2928,3903,5649,2294
2306,2992,7120,8699,8699,9306,8678,5190,3685,2871
4274,7418,9036,8833,9238,8739,2865,3753,3538,5160
2187,2530,5419,5954,8710,9421,8764,8971,8463,3044
2235,5065,4103,2868,6442,5704,8451,6833,5043,4252
2665,3527,7216,8688,8688,8832,6760,3735,3414,4550
2301,3415,2858,5546,5546,8706,8928,8918,1759,2122
2351,4483,5101,8660,8660,9501,8884,8544,5945,2374
4132,6789,6134,8501,8501,8182,2987,5961,5833,2500
5697,4539,5380,3835,7421,6853,8959,8550,8201,3830
5288,8078,8548,8947,8722,3089,3194,7050,8011,8504
7128,8130,8746,9157,8904,4744,2328,3234,5756,7507
2499,4882,7904,8973,9396,9383,7005,3278,2484,5712
2771,3868,6880,9268,9248,9463,8067,6522,3031,3806
2470,4349,7247,8984,9454,9412,7845,3347,2787,5024
3398,6570,7698,8757,8244,6649,3807,3037,5329,7574
1880,3366,5740,8980,8980,9234,8388,5889,4476,2881
7645,8150,8170,5770,2028,2108,5350,7355,7983,8244
3204,7163,8394,8268,6131,3634,2680,3374,4242,7718
4028,7834,8765,9161,9275,9166,4518,2449,4253,6946
2966,6388,7720,8885,9358,9413,6880,2728,2826,2523
2366,4407,7927,8733,9288,8805,6975,4092,3124,4029
2526,3929,7144,8902,9372,9299,7005,3207,2732,3420
2573,3262,4898,7965,8840,8589,6946,3978,4177,4185
3010,3465,6815,9123,9123,9371,8762,5087,3402,4543
2644,3045,5756,7200,8903,9491,8127,3554,3561,3144
2608,2061,3039,4434,8541,9107,8912,8373,5421,3713
2586,2413,4152,7320,9171,9294,8985,6111,2737,3200
2359,2024,3435,5445,9217,9455,9035,6883,2925,3453
2221,2439,4028,7804,8687,9506,8987,7192,2989,2819
3058,4160,6945,8720,9442,9445,7633,4259,2380,3441
5101,4640,4755,7244,9320,9598,9222,9085,3801,2800
8095,8897,8428,9354,9320,9143,4243,2552,4361,6711
3693,6651,8007,9456,9510,9430,5787,2525,2384,2950
9057,8655,8527,8623,8472,8445,3090,3103,4873,5190
2206,5192,6718,6906,9085,8969,8452,8401,3801,3437
6164,2264,3011,5823,8915,8943,8456,8665,8725,6906
8526,8202,8527,7915,8329,6759,4174,3977,5845,5108
6179,4105,3245,3483,8388,8701,9309,9238,3368,4163
8271,8942,8488,8283,7765,6205,4611,3613,2049,4185
6171,1780,2664,4042,9137,9409,9237,8969,4786,3537
1923,2992,4129,7352,9468,9504,9089,8716,1828,2823
6165,8834,8767,9080,8679,7534,8036,7820,6626,2165
3098,5410,7599,8654,9603,9457,7918,3115,2925,3422
2494,1933,1738,2114,2804,2524,5497,6537,7350,7476
7307,7549,8614,8685,6943,4103,2888,3985,5419,7152
8778,8288,3652,2796,2065,1964,5382,7689,8502,8997
7239,6456,4526,3792,1930,2192,3760,6332,8821,8818
2929,2242,3314,4878,9245,9281,8879,8627,7004,2734
3726,4364,3204,2133,2088,3302,7956,9024,8677,8878
5979,8252,3797,6303,3222,3354,1891,2245,2473,6092
3113,8630,8898,9253,9417,8994,4741,2228,2904,2813
3515,6785,7288,8242,9233,8889,3582,2478,2939,4755
6302,8551,6392,7133,6717,5324,3204,1956,3373,2990
2381,4210,3335,9128,9392,9012,6491,2438,3695,2811
2551,2473,4809,8037,9491,9536,9104,8068,3055,2519
2548,2740,6047,8052,9248,9449,8852,4670,3540,5321
2645,2952,5614,8304,9509,9446,8814,6492,3042,2675
4199,7876,5217,7521,5905,5862,3532,2202,2438,5011
2935,4576,7501,9482,9316,9282,8046,3091,3454,4032
1743,1769,2039,1969,3453,4081,8126,8557,6966,6490
2433,1880,1953,2675,2038,2049,2765,2351,1720,1904
2015,1975,2237,2301,3873,4361,8280,8708,7024,6207
1850,2065,3397,2197,2141,2367,2268,2195,2884,7603
2124,1982,2585,1866,2026,2301,3495,4243,4143,1874
6112,6250,4012,5810,2322,2305,3791,5979,6034,5873
2693,3780,7102,8960,9529,9333,8727,5935,3664,4419
2709,2873,2739,3488,8217,8805,9210,9205,6125,6872
2195,2791,5582,8303,9292,9550,9050,8433,4864,2523
2773,4893,8733,9126,9493,9522,8316,5624,3688,2605
4193,8754,8469,8945,4454,2838,6050,8365,8587,9254
8071,8268,7772,7490,7490,2553,6545,8611,8529,8718
2411,2561,4107,7882,9237,9411,8984,9161,1258,4185
2018,3625,6147,8667,9431,9404,8853,7850,4420,5223
2054,3681,5295,6881,9182,9382,9109,9026,7664,5243
6066,8192,8145,8988,3823,2770,5321,3224,7808,7906
2361,3467,5000,5484,3091,2180,5620,6579,7079,9291
4395,6804,4999,9434,9429,9280,6325,3177,4172,4961
7054,8542,5611,5202,3192,3290,3717,3990,4962,4574
6564,7693,4804,7936,7936,4935,3403,5871,5267,9191
5015,6465,8044,9131,8481,6892,7806,4961,3855,6742
2776,8070,7556,5741,5741,5063,4170,5109,3149,5839
2008,2341,5406,5853,5853,8973,9269,8249,2420,1991
2924,2597,5496,6195,8708,9148,8996,8311,7279,3342
1939,3136,6043,5920,8473,7869,7521,6575,6024,3489
1371,3651,7290,7540,8524,7794,6579,5331,3841,6979
1576,7380,7608,7198,7198,6300,3360,5680,3044,2649
1796,2011,5551,5789,8598,8344,6825,7056,3914,4661
2242,2569,4218,5738,7514,8637,8815,8598,4130,3224
2154,2825,6952,7407,8442,8585,6823,4438,2799,2721
2624,3067,4282,7936,7936,8800,8510,8224,4076,1199
2768,3053,4755,5571,8276,9088,8937,5757,3541,3000
3668,3277,4470,6914,8781,8894,7368,5403,3189,2648
2442,3401,7686,8196,8829,9566,9009,7289,2421,2691
8620,6177,3268,4168,4535,7558,9185,8778,7208,4522
2593,2901,6814,7097,7435,9181,7985,6060,2976,2657
3087,3063,3549,7974,9512,9489,9066,8557,4984,4109
4175,2955,3063,4731,8632,9171,9298,9083,6896,3986
2541,3084,7136,7311,9320,9099,8766,7551,2863,3005
2117,2480,5979,6726,9041,9036,8401,8373,6542,5413
2183,2346,6467,7094,8317,9114,8686,8654,2396,1135
2586,2729,6117,7075,6717,8124,8543,8554,7585,2005
2707,1936,5710,8801,8801,9176,8537,8508,7033,5759
5449,7970,9174,9035,9174,8358,2894,2975,3547,3078
2392,3014,4558,7225,8859,9452,9317,9175,7487,5004
2477,3034,6980,7423,8687,9530,9283,9113,7594,3624
2370,2820,6728,7312,8570,9564,9313,8017,3093,3625
2542,2834,4190,9128,9128,9606,9233,7913,3726,2304
2547,2759,7079,7561,8985,9524,9144,8047,3568,2411
2934,3100,7814,8236,9070,9513,9323,9363,7099,5477
2656,2780,4160,8381,8381,9457,9189,8752,5204,2336
3015,3114,5843,8437,9253,9473,9269,9129,8519,5957
2364,2923,6875,7358,8902,9588,9216,7554,3606,2241
2428,2744,6555,8380,8380,9533,9181,7771,4048,2270
2397,2857,7065,7099,8064,9429,9249,9321,6170,5116
3155,3076,7380,8132,8536,9441,9226,8620,7367,6283
2632,2423,5937,8312,8312,9152,8552,8494,6743,4795
2679,2797,6906,7249,9182,9379,9147,8764,4120,4568
2846,2826,5789,6759,9453,9536,9225,8645,4200,2427
2994,2918,5442,6429,7155,9153,9050,7955,6120,5057
2897,2823,6507,6815,8829,9340,9167,8630,4073,3890
2491,2819,6453,7012,8562,9508,9178,6843,4788,2387
2120,2618,3120,6414,6414,9141,9174,9056,5453,2624
3471,4464,8234,9337,9505,9285,5507,4389,4298,4262
2108,2918,5665,6796,9320,9102,8532,8239,7052,5096
4473,6029,3080,8058,8046,8211,7438,7406,7340,7345
4265,5516,7318,8641,8346,8497,7602,7341,7417,7625
4634,6416,7306,7894,7903,7810,7248,7511,7655,7868
3771,5076,6162,7664,7191,6288,6845,6563,6469,6573
2925,5940,5784,6540,6698,6230,5566,7373,7197,6613
2942,4217,4674,4955,4459,4195,5090,6175,5699,6897
4903,6123,7428,8267,8087,8278,7585,7559,7738,7180
8321,8596,5506,3471,3471,3946,8664,9389,8412,9336
3283,2378,3388,6749,8688,9097,9223,8721,7877,2700
2479,2789,3942,4096,8861,9227,9292,8901,7039,3078
2476,3232,2399,2707,7596,6291,8217,8568,4946,1336
5380,8851,9353,9139,8903,6811,2932,3485,4027,6226
3064,2086,3687,3918,8477,8989,9204,8771,4472,2350
5026,8427,9426,9541,8841,7400,2865,3304,3764,5291
2250,2466,6457,7404,8271,9244,8608,8596,1507,3548
8015,8729,9420,9472,8568,6981,2841,3853,7177,5875
8153,9043,9266,9454,8921,8205,3058,2643,3842,3390
2279,2164,1955,3184,8150,9210,8551,8895,9177,4193
3302,5249,9223,9507,9638,9501,5720,2990,4830,2464
2477,2766,7242,8251,8988,9443,8847,5049,3435,4466
2651,3285,6723,7301,9465,9557,9150,8830,4446,2428
2605,2900,5969,7277,9466,9534,9308,9137,5535,1774
2637,3200,8160,8199,9120,9542,9035,8557,3888,2450
5309,2863,4443,5486,8717,9107,8931,8232,8603,2907
2564,2741,7371,8880,9202,9574,9129,8467,2549,2213
5711,6078,4634,4283,3620,4401,8669,8271,8552,5016
7234,8928,9302,9151,9093,9163,3130,4523,5981,2147
8157,9053,8982,9039,5013,3026,6450,8890,9305,9503
8077,7543,8182,8359,8144,8608,8918,8655,7003,5892
8087,7954,8223,8577,8777,8830,8742,8911,9523,7517
4445,4752,8192,8223,8223,8666,3634,7180,8674,8528
8395,8787,7487,3163,3163,3599,6030,8223,9571,8984
2896,3253,8436,8783,8783,9030,8951,7992,3139,2996
4557,6727,9018,8898,8023,6004,2828,6533,8978,9341
7804,7994,7169,7129,8037,8405,8159,8881,6677,4557
7303,7205,7728,7861,7066,3949,2830,4062,8217,6808
4433,6516,9157,8978,9178,6904,1936,4077,7423,6832
4501,6544,8838,9052,9312,8923,3428,3533,5499,5997
6437,8515,8776,6890,5102,2956,2614,4075,7372,9619
2048,2763,7627,7260,8666,9359,8557,7373,5039,5626
3025,3437,3341,3508,4420,3550,6178,8028,8178,7168
6795,8241,8836,8562,6625,2866,2860,4595,6925,6842
7123,5846,3241,3174,6262,7807,8512,8133,8373,3327
2887,3709,7107,7342,9903,9450,8824,6474,3952,6701
2268,3346,9022,8989,9132,9464,8737,6011,3388,5738
2315,2481,4815,4956,9105,9231,9300,9233,7989,6626
6720,6429,8804,8244,8318,8985,6723,6836,8013,8305
7816,7956,6420,6329,6058,3868,8452,8420,8618,8498
7970,8994,8504,7756,8910,8818,8908,8368,8877,8355
7318,7309,8779,8768,7553,7718,8494,8278,8490,4882
7716,8107,8648,8921,7503,8788,8472,8401,8447,7176
4192,3433,8265,7857,7309,8703,8287,8508,7664,7157
5642,5568,7081,4767,4767,3224,4654,6133,7435,7779
5258,2852,3997,5508,7018,9125,9150,8726,7395,6311
3490,2602,2698,3806,3806,4298,8521,9159,8716,8052
2867,4015,5267,6650,8354,7983,6926,4035,3456,5729
3140,3227,2866,2119,5683,5129,8730,8799,8907,8465
3640,2335,1939,3807,6083,3933,8585,8425,8974,6981
7642,7942,6636,4667,3980,5618,7483,4507,6888,7663
2601,2954,7975,8459,9556,9491,8912,4066,3178,4674
2022,2183,4527,4665,8787,9354,9275,8864,8553,5264
3270,4006,8713,9118,7800,9353,6096,3147,4827,6537
3321,4573,5336,9453,9288,9490,8833,5996,3951,4414
3117,6277,2533,2787,4056,4490,9004,9242,9230,8712
1374,2359,4360,2838,2838,2739,8721,9130,9323,9057
1418,6408,6316,3187,4648,5630,9438,9337,9163,8817
1978,3080,3181,1960,4204,4321,9193,9530,9095,8664
5752,8692,4872,9394,8297,9073,3431,2486,3405,5838
3406,5698,4927,8778,8059,9254,6181,2959,2049,4691
6827,6623,3432,3588,7490,8076,9146,9401,8249,5599
5018,7944,4558,3293,3161,3225,9253,7601,9056,8341
7992,2310,3078,2547,8217,8713,9230,9143,8608,6528
5569,2464,3689,7778,9095,9400,9227,8929,5881,4723
5711,1914,2697,6753,8560,9213,9294,9434,6372,5069
6455,6895,5472,3625,4993,4682,8576,9257,9031,7921
1391,2497,4847,9018,3060,2286,5085,8602,9312,9114
2539,5585,4448,8311,8403,4166,3549,6793,8432,8633
5695,7667,7261,9432,9158,9199,4170,4534,4245,7556
7043,6744,3376,3051,4303,4180,9095,9550,8780,8480
6434,7187,9321,9376,8867,9202,5048,2743,3425,5274
8914,8461,9545,9298,4914,3388,3245,6414,8314,8776
6596,5891,3373,2802,4076,3744,8788,9035,8393,7815
6168,6209,2923,2859,4639,4318,8732,9313,6566,5499
5086,5435,2818,3763,5657,5198,8539,9500,8003,6396
1742,2232,5204,8376,8615,8758,6986,6664,6223,4593
6792,8424,5545,8303,6928,6846,6298,2622,2525,4514
7897,8037,5522,7464,6295,4637,3587,4329,7121,8620
3454,2914,1881,4918,8102,8705,9288,9099,8262,4104
6957,7935,9478,9221,8012,5511,2795,3770,5938,8887
2465,3790,4233,8441,9211,9473,9139,7044,4358,4361
2072,2487,2162,6864,8875,9519,9211,7015,3627,3902
3055,5188,7238,9384,8864,9322,4489,3868,3797,5881
3118,6648,8369,9462,8861,9019,2888,4567,6213,6967
3650,5743,7690,9326,8140,9263,5429,3386,5361,7910
5668,8762,9141,9337,8816,8932,2490,3898,5562,8166
3420,4532,7357,9204,8835,9232,7233,3752,3709,4164
3743,6485,7617,9425,8845,9279,3931,2950,3226,4391
3815,5013,6988,9018,8633,9162,5702,2931,3458,6572
3472,6146,4174,9054,8848,9072,5398,3700,3625,5364
4194,7079,8288,9263,8719,9415,4992,3859,4074,5943
4403,7994,8879,8805,8805,9304,5967,3452,2735,5200
4487,6992,8787,9171,9054,9450,5983,3483,4800,7643
3948,6944,8118,9398,8843,9106,6971,3663,2938,3920
1769,2999,2835,8046,9211,9468,9135,5186,3502,3657
2296,2826,3779,5442,9032,9423,9240,8228,7728,5499
3075,2554,3475,4322,8356,8875,8704,8566,8794,7012
2165,2625,3507,3663,8593,8832,9160,8789,7585,5315
3099,5395,5097,8134,8168,2476,4988,7666,9032,8857
4444,3112,3051,4078,8580,9062,9215,9115,8156,6666
2383,2436,3147,5325,8634,8967,9178,8740,8033,6268
7787,7930,3017,3566,7772,8197,9327,8963,8599,7539
1630,2714,4175,5836,8599,9570,9044,8297,5014,3136
3413,2552,3282,5842,8908,9368,9212,8553,7759,4544
2313,2641,4551,4437,8488,9242,9137,8472,5410,5416
2576,3145,7411,8744,9007,9526,8552,5562,6755,3359
2683,3655,5643,8718,8529,8046,7363,6445,7308,4342
2619,3420,5288,8110,9204,9482,8481,7069,5758,3530
3779,5166,5256,8048,6407,6005,5460,3562,3174,3504
3094,4100,3457,3689,8771,9025,9248,9125,8306,6106
5245,5824,3201,3285,7853,8205,9348,7985,9382,6829
2698,3318,6726,8245,8771,9465,8878,5702,3567,3585
3442,3315,5553,9054,8948,9521,8983,6375,3908,3469
2080,3478,6211,8567,9180,9475,9041,5799,3538,2992
2577,2600,2483,5705,9059,9401,9208,8648,6839,4285
8548,2363,7798,8901,8840,8972,8613,8771,6796,8924
2206,2779,2881,8135,8404,8436,6473,6084,6044,7092
4502,6263,6969,8722,8617,8921,8464,8816,9040,8889
6688,8472,7255,8949,5996,7877,8342,8863,8934,8882
5083,7865,3681,8835,8835,8814,8487,8445,6556,8774
8043,8442,6794,8948,8995,8481,8879,9092,9143,8961
3017,3912,5086,5202,5202,5963,6771,6614,3126,3370
2931,3547,4977,6844,6844,7735,7554,5361,3893,3548
2644,2654,2342,5376,5376,6405,6769,3377,5005,4372
2180,2860,4277,5874,5874,7411,8626,8205,5420,4323
2379,3252,3486,3721,5547,5934,7374,6723,6253,4463
1682,2320,3631,4868,7867,9291,8996,8217,2842,4079
2756,4054,7003,7437,8436,8997,8084,5701,3708,3333
7269,8158,8429,8938,8938,9065,8357,8568,9269,8902
2130,3783,4147,8212,9128,9383,8445,3369,3533,3459
5555,4523,3725,4560,2715,2212,2755,5228,7290,8353
9035,7720,6722,8450,6130,6467,3213,2470,3566,5325
1399,2109,2860,4860,7078,9310,9042,7990,5632,4669
1685,2071,2602,1918,2582,2350,6929,8196,8883,8880
2817,2631,3451,5604,2166,1802,3610,6140,8148,8793
3704,7625,6910,9258,8765,9011,1994,3682,4764,5324
2070,3602,4023,4611,7561,9338,8922,6976,3559,4037
1616,2171,3827,6034,8566,9131,8756,6016,3176,3555
2326,2822,3960,6081,8898,9391,8840,5122,3393,3805
1976,1915,2573,2386,2010,2790,6741,8264,9321,8551
2746,4751,6146,8718,8745,9188,6488,2546,2903,3849
5319,4822,4252,3083,3387,2154,2417,3269,7264,8473
2160,2091,2338,2206,2849,2761,7515,8705,8955,8203
7385,8716,7851,8456,8456,8953,8563,8416,5264,8277
1149,2017,1525,1420,2140,2282,7718,8810,8725,8669
2439,3612,5292,9112,9112,9389,8327,3824,2703,3139
8410,5862,3094,3281,3281,5203,8918,9106,9209,8480
1857,2414,4339,8091,9080,9167,8830,6415,3643,4286
3322,4757,4783,5501,3964,3371,7421,8988,2652,8640
3923,5783,3214,3179,3179,2431,6920,7067,8504,8845
5519,4204,4892,5467,6434,5765,6281,6814,6319,5693
2665,3388,7711,4092,4092,4000,7503,8513,6956,8957
3922,5723,5628,7382,7382,2316,3858,6353,7924,8708
2509,3269,6218,4503,3484,4153,8289,9134,9252,8663
2339,3484,4190,4036,5756,7997,8667,8800,6406,4341
2435,2962,4141,7774,7774,9107,9136,8634,4359,4664
6249,6105,4689,5552,4011,2205,5351,8675,9141,8840
7483,5933,2300,5481,3846,2616,4903,8504,9137,8476
2756,3727,6146,8603,8904,9548,9126,8886,4243,3955
2569,3827,3670,2761,5893,4955,8044,7623,7665,6419
2187,3262,4694,8384,8837,9605,8458,5594,4985,4796
6119,7958,8685,9191,8931,5997,2225,3014,3039,5589
6664,8061,7987,7421,8216,8451,7557,7280,2934,6857
8444,8847,8330,8206,9132,9016,8387,8433,8815,6782
3854,6926,9184,9611,9212,9389,5574,4430,2926,4005
3962,5016,4877,4286,3809,2919,4136,5976,8611,1809
4053,4891,4331,3845,3689,2787,4187,6224,8652,9165
4180,5035,4013,3698,3345,3025,4893,7006,8225,8871
4378,5438,3892,3739,4151,3112,5259,7350,8487,8943
4231,5053,4431,3953,3839,3007,4993,6984,8615,7506
3780,5320,6252,9645,9217,9446,5497,4344,1543,3784
5733,5954,9218,9476,9177,9380,8404,4258,3368,2961
3997,6482,6694,7875,7908,7625,7637,7313,8121,7532
5484,5822,4744,7766,8622,6757,8510,8679,8561,8336
2118,2574,3583,3466,5094,4181,5622,7201,7149,6850
5068,6528,6963,7619,7700,7017,9006,8656,8705,8228
3003,4508,6068,5521,7347,7059,7758,7902,8429,7901
5070,6053,7530,7753,7697,7474,8393,8665,8684,8187
5633,7320,7725,7618,7732,7110,8834,8699,8800,7295
5847,7664,8190,8365,7345,8120,8552,6439,8475,8180
7367,8965,9769,8732,8892,6037,2140,3780,1779,2884
1615,1969,2924,4819,6743,7026,6993,7040,7109,5861
2941,3132,7863,9045,8414,9448,9033,7758,3202,2281
2956,4389,8372,8996,8896,9536,9023,7798,3151,3007
5232,6973,9081,8953,7369,8965,3895,2327,4710,5077
6547,6968,7483,3421,5752,3216,6551,8088,9423,8260
5578,5600,9207,9125,9063,9204,5209,3059,4113,3153
6341,6715,9159,8947,8468,8925,2989,5459,6113,6509
7031,8117,7104,9470,8918,8804,2624,2993,4913,6199
7926,8681,9165,9142,8546,8120,2706,3490,6169,6975
3807,5112,9100,8846,8919,8615,2893,5105,4139,6355
1906,2664,1953,2026,5178,5259,8919,9294,9255,9369
2303,1749,1976,2411,4956,5117,8120,8674,9176,9248
2266,2061,2055,2918,5660,5207,8371,9152,9257,9307
3327,4531,3310,2134,5758,5576,8405,9093,9344,8934
7281,8133,9195,9395,8813,8748,2583,3702,4287,6065
2079,2689,1896,2644,3907,4241,8499,8764,9324,9407
2051,1941,2387,3627,5909,5848,8714,8772,9134,6359
4572,6073,9329,8978,8843,8648,3119,3731,3544,6485
3840,4922,9049,8951,7353,8984,3348,6037,4873,5358
2801,4241,5190,6215,5973,7036,7424,7547,7595,7580
3332,3472,4816,6137,6370,7520,7789,7778,7964,7438
3131,4273,6100,5890,6316,7349,8165,8025,8256,7950
2680,3583,4531,6656,6952,7878,7995,8297,8983,8188
2993,3796,5129,5973,6599,7478,7730,7766,7699,8026
3156,4169,5437,5788,5556,6509,6694,3783,5384,7207
8434,8953,3490,9137,8249,9035,8874,9209,8843,8875
2152,2382,3279,4851,8899,9107,8730,8804,5134,5080
7182,8404,6509,8653,8022,8990,8829,6726,8000,8653
2202,3362,4543,4901,4899,5664,6039,7120,6725,7236
8402,8365,8642,8985,8536,8928,8432,9132,8467,8603
8389,9042,9243,8905,8791,9070,8998,8951,9071,8572
6813,8920,8941,6836,4515,3462,4420,5444,8861,8398
1682,2405,6408,5851,6338,6367,7002,7269,7442,7340
7865,7647,7572,8940,8130,8415,8204,9043,7804,7335
7362,8856,9202,8901,4023,3266,4490,7776,8946,8897
3984,5304,6471,8674,8238,8074,2369,3143,4151,6983
7040,8308,9745,9269,8422,8183,2851,3353,4902,5379
2889,5007,6953,3419,3267,2793,4425,7549,8409,7943
4498,6150,6334,9045,8701,8551,2664,3073,3727,6025
4112,6112,7540,3667,4002,3117,3559,5681,8361,8431
3904,5789,3589,3683,3849,3219,4402,6925,8488,8264
5561,5729,8588,9090,8882,8991,2674,3210,3975,4666
5008,6555,8425,9186,8820,8660,2687,3229,4907,6134
4609,6366,8678,8772,8612,8607,3911,3012,4082,6021
2061,3881,5233,6410,1666,1785,2932,3985,5922,8780
6407,7934,7383,7631,2392,2097,2974,6307,7264,8631
2189,2877,3920,4445,6417,5096,5850,6411,5996,6873
2725,5650,3030,5747,8109,9121,8790,9237,8187,6763
1988,3242,4988,5939,1744,1887,3140,4745,8425,8667
5337,6438,6321,9032,8535,7661,2412,2651,3971,6467
2833,4235,6140,2908,4279,2647,3987,7073,8403,8464
1780,1727,2135,1682,1504,1663,2156,2220,3039,3563
2034,1817,2105,1451,1886,1517,1543,2016,2685,2882
1846,2589,3788,6513,8364,9325,8686,5269,2250,3762
2312,3348,3800,1865,1849,2088,3619,2240,3665,5391
2865,2615,4436,7740,8581,9395,8959,5677,2829,2379
2260,5013,6693,7861,8061,6319,2412,3289,2583,2489
2286,2665,4229,6689,8512,9472,9082,8635,4049,2575
4177,3683,5875,1820,2121,2151,2646,2867,5039,3845
1760,3561,5553,7767,7492,6715,2048,2292,2464,3422
1959,2045,2745,3185,5100,8700,9049,9049,6771,3518
1585,1868,3396,5420,7847,6833,2194,2333,2809,4233
5837,7236,9618,8753,8378,8067,2796,2784,3333,5689
2541,2181,2251,2144,2144,1913,3093,5533,8087,8120
1836,1919,2378,4467,6589,8764,9158,8992,8616,3743
1703,1615,2064,3882,5072,7059,8511,9139,7599,4197
3555,3999,4007,2191,1841,2076,2263,1861,3418,3293
1873,1869,2363,3215,6602,8272,9236,9135,9088,3849
2777,4783,2898,2982,7769,9142,9244,8724,6781,6198
3093,7959,8624,9325,9752,9295,7101,2516,4261,4257
3428,8733,9112,9203,6510,9351,5745,3118,4319,4371
8952,9133,8992,8487,6831,5441,2326,2555,4851,6208
8737,8892,8949,8340,6721,4657,2774,3330,3824,6117
9033,9102,8914,8527,5844,4319,2392,2574,2776,6022
8817,8779,8585,6072,4830,3536,2557,2748,4675,5967
3410,7792,9033,9267,8737,9309,6443,2788,3452,3964
2889,5330,8323,8032,8361,8492,5405,4348,7472,8110
8581,8886,8806,7953,5477,4206,2820,4002,5153,7122
8685,8833,8816,8454,4952,5352,2894,3999,3899,6755
8643,9216,8929,8306,5995,3915,2574,4152,2060,7191
8269,9138,8798,8479,7309,5117,3915,3211,3403,5803
3747,8753,8860,9251,4498,9021,3338,2985,2977,5158
6975,8840,9084,9424,7750,8928,3376,3124,3713,5997
3389,8831,8859,9030,8164,8971,3426,3638,4395,7267
6521,8814,9006,9137,7505,9017,2218,3144,4373,7517
8936,8908,8748,7704,6849,3831,2854,4184,5031,6906
5062,8557,8954,9325,8970,9013,2497,3989,4271,7533
5715,8529,9473,8558,9369,8575,2109,3624,4090,7245
5562,8545,9294,9273,9442,9250,4688,3391,4271,4968
8705,8910,7801,7743,5533,3186,3186,4926,5799,8075
8758,8771,8676,8007,3216,2369,3067,5173,6875,8018
4568,7711,8405,8476,4614,9107,6205,2588,2162,4892
4202,7547,7473,9553,8979,9198,5759,2803,2562,5487
3221,7851,8738,7726,9467,8912,2454,3630,4597,7676
5222,7639,9330,9119,8923,9147,5518,2965,2963,5567
8658,8901,8637,7911,4810,2826,2700,4441,5135,7478
6433,8793,9094,8295,5667,5688,2805,3114,4056,5674
3443,4918,5971,5317,6683,6508,6763,6875,7598,6780
3450,4972,6505,4496,5933,5605,6159,6269,7483,6534
3107,4380,7825,7494,8309,7523,6749,6145,6387,6927
2020,5963,7475,6028,2802,2774,4850,6325,8946,8542
2501,4914,6403,7315,5500,2648,3714,7463,2368,8734
3433,2728,2730,6299,8423,8466,8073,7010,7612,6686
3266,4726,5253,5665,6420,6431,6390,6547,7798,6867
1691,4579,5059,5790,2401,2564,4429,7777,9004,6631
8665,8942,8474,7975,5143,3805,2406,3082,3898,6192
2973,3436,6201,7749,8785,9261,8886,6525,4175,3210
8378,8300,8122,7257,7590,3597,3744,4164,5826,3764
2818,3218,5015,7224,8580,9354,8949,7253,6532,4539
8560,8524,5711,3145,5355,3711,8257,9189,9538,9100
2422,3131,4396,8861,9226,9644,9140,7876,3775,2769
2007,2859,2578,6409,8785,9510,9265,8810,8252,5420
2374,3438,5421,9012,4458,9599,9194,8053,8246,2660
4320,8156,4739,9021,8969,8978,7991,5245,4889,6016
2494,2399,4291,4369,8617,8469,9314,9028,5131,7471
8508,8073,8452,6728,7382,2947,4335,4087,4550,7014
8502,8452,6150,6351,5441,4190,3235,3558,4755,6607
8562,8624,6791,6723,3557,3671,3014,5504,4051,5226
8412,8613,9135,7317,6403,3379,3047,5548,4713,6915
3259,2858,3397,3636,8127,8545,9301,9289,8442,6601
8487,8282,7466,7313,6199,3758,4834,7524,5070,3306
3682,3095,3652,3391,7103,8457,9037,8669,8758,6826
8567,8550,7561,7182,4313,2289,2939,6773,9282,9202
1888,2124,2908,4021,8958,8884,9385,9168,9074,8492
3239,2675,3368,3470,6398,5693,9179,9316,4572,7028
2104,2155,2947,4564,7928,8652,9663,9752,7698,8714
2924,2496,2865,3141,7086,5925,9151,9225,5937,2773
3237,2218,3305,3699,8241,9018,9379,9274,4752,8201
3179,3689,7271,8985,9286,9442,8779,7188,4407,2872
6919,8767,9261,9092,8963,8889,7697,5441,4286,4886
2138,2780,1980,6573,8816,9443,9308,9165,8515,5194
7674,7370,6596,4273,4411,2671,5732,8545,9184,9310
2906,2767,1255,2552,7752,7299,9292,9405,9523,8848
2768,3523,6937,7183,8670,9522,9366,8813,6389,3463
8149,7518,4883,4512,5243,2754,4980,8269,9018,9097
3006,4002,7841,9115,9520,9560,9243,8729,6436,2669
7856,8199,8392,8055,7996,8096,8251,8500,2556,2570
7322,7845,7955,8357,7312,7508,8243,8339,9101,8260
8286,8292,2272,7388,8135,8021,8222,8489,1533,7051
5896,5932,7300,6423,6488,6738,6434,5895,6246,6761
7450,8905,6025,8026,8479,8761,8606,8557,8127,8283
8748,9106,9007,8443,7752,9046,8681,9085,9029,8742
5509,6943,7052,7367,3600,4501,3941,3944,4215,7276
2809,3457,3262,3516,6179,6117,9344,9230,9448,8908
3864,4933,5070,3880,5539,4651,5216,4625,4557,4813
3886,4490,6293,5691,6757,6335,6138,7252,7706,7195
3760,5108,6387,5032,7068,6365,6375,7238,7464,7235
2346,2980,2568,8703,9273,9100,8074,3181,7308,8510
3271,2779,3285,5562,8543,9118,9247,9169,8846,4392
6459,6644,1525,2938,4341,4435,9334,9298,8394,8841
8383,7500,5276,2853,3746,2989,9348,9450,9615,9354
3023,2724,2972,5059,7059,7356,8944,8986,6692,6205
2628,3469,2795,3722,6793,5942,6847,8490,3892,4445
2591,2411,3903,4884,5121,7868,9148,8702,9089,5813
2761,4390,6401,7974,7263,8217,5634,5714,6792,7447
8458,8472,6881,6840,5873,5305,3489,4697,6869,8387
4912,5807,5100,6538,3912,4217,3497,3810,4950,6548
8321,7122,7525,7016,5317,3513,4396,7866,8366,9001
5734,5542,5203,4455,3846,5148,8544,8492,7472,9000
7390,8840,9477,9219,9340,8995,4801,3291,4433,2711
4503,7495,5818,7189,7717,7183,6252,7378,7600,8430
4763,5530,7194,8755,8934,7157,2998,3357,2214,7400
5024,7921,8390,8597,8816,8047,2963,3439,6071,6968
4980,5402,2809,3182,5294,6622,9025,8950,1618,8807
7608,8028,8337,7710,7177,7396,5247,5367,6104,6640
2774,2531,2088,3738,6196,8006,9295,9171,3793,8201
4156,2898,3982,4466,7917,8860,9234,9240,8984,7885
3946,2781,4402,4625,7660,8489,9367,9105,9016,8313
1766,2160,6200,7210,8721,8460,7131,6473,5843,5006
2215,2566,2945,4337,6817,8333,8631,8607,8461,8217
4434,4601,3127,4417,3389,4434,9051,9276,9166,9155
5375,5964,3037,4115,4458,6209,9210,9002,7222,9291
2616,2217,5706,7043,8771,9003,8439,8246,4959,4564
2271,5264,8358,3313,7310,8095,8749,8945,8503,8513
4202,5713,7060,8957,8887,8546,2774,4988,6427,8924
2465,4225,3209,3080,5856,6657,9137,9153,7723,7400
2582,3506,2857,3837,7444,7377,9467,9241,8876,6304
2702,5075,2752,3488,3962,5798,9346,9067,8805,7294
2430,5008,2881,3258,4556,6887,9130,9267,8748,7769
3964,5132,8043,8721,8688,7768,2957,4758,8525,8869
3714,3266,2811,3357,4801,6386,8542,8908,9167,8379
5376,5686,5075,4575,4332,4850,5945,5808,5563,5806
3409,5353,6650,6278,6400,7279,7298,6593,6681,7098
4053,5763,6476,6701,7231,6961,6709,6497,5720,6802
3107,5424,6935,6717,6886,7077,6998,6401,5584,6555
3836,6181,7658,7163,7273,7608,7752,7262,7100,7673
3544,6409,7651,7428,7243,7536,7543,6957,7021,7432
2985,5635,4608,3603,5303,6235,6734,6453,6446,7318
2381,7274,6240,7740,7375,7560,7559,7507,7478,7335
2496,4067,2714,2576,6015,7995,9006,8695,8544,8215
2905,2676,4416,5988,9089,9249,9182,7675,6655,2975
8870,9063,7468,6677,2411,2403,6366,8719,8444,8537
2806,3033,3728,6083,9103,9349,9260,7799,6514,3117
8899,9183,8228,7777,2738,2739,5623,8700,8887,8139
2362,2531,4850,5013,6613,9172,9201,8792,8603,3073
2354,2544,2551,2602,2608,2835,6880,8535,8192,8536
9032,9201,8333,7559,2769,2622,4156,8350,8845,8973
2528,2608,4692,5143,8610,9133,9253,8393,8010,2971
9045,9207,7732,5767,2547,2555,5839,8800,8348,8665
2755,2322,2988,3248,3859,4662,7266,8064,7000,6252
3062,6581,1116,7822,7811,8440,8447,3740,6401,2496
8152,8447,8064,8164,8690,8873,9017,9019,8407,8601
7743,8640,8406,8190,8822,8886,9012,8658,8778,9165
6329,7177,7370,7344,8002,7896,7077,7044,7764,8835
7097,7280,8374,8129,7425,8360,6712,6992,8017,8532
7621,8346,7289,7554,8348,6955,7749,7900,8159,7666
7930,8494,8983,8811,8746,8882,8614,8458,8493,8754
6923,8265,8080,7751,8386,8652,8372,8175,8296,8810
7895,8391,7175,7739,8515,8978,8773,8551,5861,8003
8151,8352,8084,7733,8625,8791,9025,8950,9000,8546
8381,8667,8285,8561,8751,8932,8909,8799,8694,8921
7570,8739,8849,8338,8522,8150,8935,8708,8519,8125
2917,2357,2450,2454,2643,2513,3132,2039,1763,1808
3453,4836,6331,5628,6501,6347,6986,7082,6767,6942
1892,1913,2531,1477,2834,1670,3657,4960,5708,7022
8508,8461,6335,6679,5737,2078,1633,1658,1805,5047
7699,7061,4861,2512,1309,1512,3347,5482,5540,8796
7727,6653,4711,1307,2267,2052,4429,7477,8229,8732
2084,1410,2070,1396,1928,3352,7064,7241,7555,5953
2747,1894,2364,3450,3777,3663,4133,4300,3565,3929
2008,1963,2090,2326,2509,2506,1591,1645,1549,2193
8548,8217,3854,2837,4556,3173,6995,9297,9608,9292
6981,6635,5789,7096,7903,8442,8543,8558,7990,8030
1905,3261,5948,8853,9297,9455,8939,8552,7636,3375
1468,1697,5848,7247,8828,9189,9038,8780,7484,4927
1487,1453,2147,2554,3980,4988,6600,5922,6169,4050
5274,5125,7718,7654,1580,1687,3036,3283,4263,5204
4520,2141,5739,4747,8341,8532,8884,8747,8872,5731
4074,1530,3218,3275,6510,7650,8691,8430,8126,2872
1830,1606,3204,4060,6269,7413,6890,6516,6069,1722
1628,5095,7026,7813,7937,7719,5562,1693,2100,1898
2336,1889,2635,2090,1179,1448,3672,4235,3754,5712
6821,7407,7202,5893,6209,5870,5685,6029,6765,7203
2734,5282,6613,7571,7139,6913,3296,1383,1352,2016
5893,7952,7225,6752,8123,6551,6133,5278,6620,5954
1650,4593,8653,8835,8890,8968,3394,2349,1993,1971
5620,7737,6588,7734,8047,7280,6422,3246,3649,6278
2371,3579,3292,8416,9433,9382,9106,7594,5383,2524
2174,2452,3428,6079,8825,9229,9150,9276,8897,7703
2076,3013,4759,8237,9263,9415,9221,8743,7880,2395
3781,3061,4175,5578,8773,9169,9365,9311,9249,8398
1631,2067,3307,5818,8944,9238,9156,9327,9370,6856
1755,4177,6336,8500,9138,9098,3518,1787,1973,1947
3179,2617,4983,5210,8326,8796,7304,8956,8968,6608
1803,2396,3120,8445,9356,9519,9442,9249,8839,3769
2103,5174,1271,9102,9358,9419,9223,2473,2194,2833
4115,2496,1572,6471,8585,9059,9302,9113,9329,7869
2592,6345,6099,9326,9380,9305,3732,2631,2398,3370
2357,6042,8417,9156,9418,9414,8454,7655,7796,4299
2497,3196,6391,8399,9267,9456,9171,8909,8549,3538
1834,1563,1850,1697,2527,1680,1991,2787,3222,2840
6649,8131,5434,7547,8006,7674,7469,8021,8793,7042
4010,3345,4618,7404,5098,4615,4453,4049,4451,6109
6485,6888,6433,6214,6440,6350,6883,7389,7554,7643
2540,3318,2648,4136,4330,3954,5134,5090,5199,6008
6494,8062,7027,6546,7801,7978,6143,6062,7150,6036
8096,8887,4467,8692,8320,7944,5072,4091,4383,5149
6872,7847,5683,6880,7767,7430,8074,7572,8481,8786
8209,8715,9006,8668,8419,8997,8146,8371,8294,8345
6592,7725,8238,6830,5829,7853,8291,7710,8408,8240
6988,7054,4283,7204,7376,6652,7623,8070,7784,8588
6381,7351,5754,6587,6966,6148,8070,8454,8204,8743
6977,7579,8507,8414,7647,7571,6848,7799,7806,8308
1317,1679,2425,2666,4043,5140,3793,2470,1915,2748
6464,7611,7813,6926,7335,6462,8627,7966,7960,8717
4946,5511,6120,6007,5424,6275,6867,6487,6992,7281
7979,8210,8250,7856,8225,8330,8387,7977,8251,8617
3971,3577,3546,5589,4980,6663,6221,7065,7179,6969
4150,6210,5656,5778,6731,6133,8162,8387,8071,7888
2860,6737,8962,8941,9420,9308,6383,3246,2434,3118
2292,6248,8756,9265,9265,9266,7977,3813,2385,3238
3342,2877,3317,6541,6541,8480,8288,6116,4281,3592
2372,6466,8211,9353,9353,9369,5830,2751,2108,3904
3883,6658,7768,9300,9304,9282,6827,4093,2416,3044
2710,6840,8598,9242,9336,9330,6594,3143,2536,3541
7846,8492,8546,7696,8236,8323,7994,8484,8607,8289
2980,4643,4883,7250,7250,5773,6797,7614,8126,7965
3786,4197,6077,5235,4800,4195,5138,6614,4840,7186
7374,8308,8310,8079,8079,7401,6296,7168,7583,7943
3298,5042,6564,6106,6106,5084,7370,6692,7278,6961
4481,5558,6945,7262,7259,5592,6555,6374,6788,7544
2062,2051,3359,8852,9395,9445,9418,8506,4927,2443
1948,2053,3938,8482,9245,9423,9170,8169,4877,2359
2985,4110,2176,2823,4390,4632,5645,5109,4280,3859
6305,8160,8647,9425,9425,9431,8349,6417,3783,1926
6507,8408,8985,8425,9359,9170,4937,5436,4792,3058
4860,7900,8793,9464,9464,9317,3855,2900,4494,4168
3223,4697,6774,8605,9244,9020,4243,3282,4923,4421
3863,7508,8808,9468,9468,9086,3396,3020,4033,3153
3142,5707,8173,9454,9454,9354,3249,3351,4266,3605
3205,5090,8066,8883,9238,8499,4136,3209,6840,3892
3033,4648,7524,9394,9407,9296,4087,3176,4046,3767
4007,7249,8698,9341,9323,8864,2580,3800,4190,3954
5553,6925,8342,9422,9225,8838,2341,3080,3982,3667
3965,6130,8475,9361,9246,8879,2539,3170,3469,5425
5483,8172,8904,9092,9092,8368,3069,4006,5674,6002
5745,8348,8524,8208,7308,7281,6887,8296,7892,7997
3180,5544,7942,9214,9214,9247,3365,3057,4126,4104
4168,7234,8676,8883,9436,9273,5442,4541,3949,3478
4326,7208,8477,9112,9129,8986,2474,3267,4042,4127
3685,5466,7546,8674,8868,8638,2522,4169,4795,4487
6056,8380,8785,9345,9209,8727,2336,2685,5506,5450
2337,2437,3337,8425,9312,9372,9110,6374,3836,3032
4365,6981,8175,8774,8928,7464,2830,3992,5064,5965
4913,6602,8436,9265,9265,8772,2526,3560,3958,5001
5148,7954,8943,8642,9304,8700,2872,3303,4850,4952
2217,2868,3859,9047,9477,9521,9094,5142,3458,1892
2994,4797,9428,9198,9332,9245,2446,3536,3873,5138
4426,6455,8374,9212,9212,8677,2863,2735,2602,3318
5194,8550,8779,9327,8818,7020,2635,3813,3086,5653
5529,6508,8857,9202,9202,7015,3911,3812,2833,6463
3396,4927,7738,9200,9200,9249,5218,2775,2323,3154
4329,5891,8337,9348,9439,9271,5020,3314,4721,4238
3526,6396,7995,9212,9207,8861,2242,3665,3389,4144
5341,8269,8804,9330,9171,8562,3054,3062,4989,4921
1498,1959,2176,6081,8029,9087,9154,8945,8869,5213
5014,8295,8772,8994,8994,7019,2336,4486,2674,3134
2430,1960,2396,6638,8504,8967,9226,8444,8312,2804
1673,1827,2286,7472,9102,9111,9022,8488,8504,2961
2780,4143,4519,2125,2125,2189,5764,7262,7028,8846
6899,8156,7840,7165,7165,4501,5034,3093,3370,3206
2039,2213,2634,2352,2352,3278,7744,7839,8864,8633
6392,8948,8893,8976,8976,6170,2279,4071,2554,3939
2530,1883,1858,4821,4821,8384,8908,8611,6591,5953
1438,1570,1889,5379,6026,8392,8935,8606,9092,5585
8753,8835,8482,7981,7981,5995,2867,3748,3525,4127
2001,1884,1746,4900,5826,7653,9487,9023,9038,3105
2882,4229,3608,2172,2172,2808,7579,8329,7849,8928
4704,6966,8570,9113,9183,7905,3027,2909,3383,3637
1465,1764,2163,6156,8754,9271,8409,8736,7270,3861
6580,8229,8690,9231,9231,7715,3527,5696,3891,3821
2026,2708,4748,4308,4308,2109,4652,6621,7775,8773
1524,2217,3308,7781,9283,9473,8764,6244,4097,2080
1903,2389,3597,6014,1986,3002,7665,8250,8731,9164
2136,3609,6539,9279,9412,9355,6846,4229,3086,2938
5240,7209,8659,9325,9274,8698,4260,2996,3690,3120
1767,2821,4884,9191,9191,9235,7999,4523,3032,2381
6509,7062,7387,4903,4903,4195,6088,4335,5330,5738
2408,3633,4762,8755,9267,9288,5301,2961,4709,3489
1651,2243,2339,2297,3607,1894,4804,6802,7840,8586
3567,5863,8324,9062,9087,8974,4120,2491,2282,5806
1627,2317,3488,8463,9267,9318,7300,7614,4510,2326
2310,2355,2402,2684,4391,2102,5022,7422,7749,8809
3202,7641,8561,9077,9102,9037,3843,3882,3990,3094
1993,2628,2261,2176,2537,3467,8029,8112,8700,9052
1570,2427,3755,8688,9331,9393,7776,6147,5605,1721
4875,8519,7935,8268,9226,8239,2829,5388,5234,3803
2011,2761,4182,2569,2365,3509,8442,8122,8507,9400
8131,8362,7567,4606,3423,3471,3000,2999,4998,4588
5915,8664,8805,8698,8819,6399,2627,3300,6017,5766
1525,3578,6385,9336,7860,9856,7956,3329,3082,2338
2057,2091,3131,6543,8206,9343,8734,7204,6508,2051
6425,8986,7790,4403,4403,4387,2838,3494,4940,5266
1727,2594,2784,2598,2454,3195,7118,8243,8326,9356
2036,3087,2770,2932,2932,2325,5647,5642,5687,8620
5275,8225,8802,8970,8916,8988,3602,2941,4953,7778
2473,2935,2576,3417,8432,8831,9053,8854,8776,6214
5276,4336,8912,9230,9224,9204,3779,3442,3785,5369
4312,6328,8636,9270,9257,9234,2970,3133,3008,4469
2526,3513,9071,9394,9465,9426,8555,5093,3304,2445
3623,7040,8276,9264,9264,9251,3543,3864,3007,4240
2671,5751,8910,9386,9424,9408,9009,5244,3655,2550
3037,8717,9162,9392,9425,9232,3951,2665,2648,4887
3248,7818,9208,9410,9407,9240,4068,2606,3187,2928
2821,5743,8973,9254,9427,9156,4341,2807,2625,3747
3312,8280,9105,9449,9449,9128,4051,3004,3719,6289
2308,2634,4396,8775,9229,9190,8205,6702,4980,1884
3267,4529,6902,8958,8183,8577,3367,2481,5441,8906
3882,5165,8484,9409,9483,9182,3229,3743,2801,5614
3693,4828,8170,9387,8284,9335,4389,2837,2589,2658
4806,6111,8527,9432,8537,9260,2887,2502,2370,2726
5272,6506,8597,9413,9413,9303,2741,2293,2253,3681
4525,5563,8756,9344,8834,8989,2622,2497,6417,8750
4120,4445,8990,9540,9465,9552,6401,2640,2162,1839
5668,7278,8920,9406,9437,9367,4487,2275,2594,2342
6619,8365,9133,9265,9317,9370,3644,2591,2880,3427
3096,5000,8454,9322,9504,9375,6719,3183,2271,2538
3632,5870,8631,9477,8270,9253,3438,2517,5996,8867
3626,8305,8480,9203,9230,9127,2974,2837,2719,3439
8589,8502,8445,8643,8643,8860,8415,8971,7949,8573
8795,8588,8495,8545,7562,8823,8745,8935,8083,8358
3428,4342,6579,9372,9426,9341,8094,3206,2820,2808
5317,8228,8620,9029,8251,6538,2523,2638,4134,3811
4202,6752,7840,8631,8216,6056,3111,3098,4824,3734
8473,8331,8720,8723,8723,8814,8762,8328,8288,8516
5433,6242,8770,9031,8798,7417,3444,2697,3531,3290
4553,6453,8162,8770,7961,6321,2835,4435,2805,3670
4271,6498,8553,9068,9068,8335,2497,3746,2927,4454
2319,2363,3108,6976,8694,8926,7864,6733,5251,4601
3461,4384,5632,7607,8706,9234,6966,3693,6457,4767
4493,5798,7708,8070,8070,5260,3076,3351,4276,4469
3522,5240,7681,9139,9139,8763,3830,2670,3150,2763
6349,8645,8910,9216,8102,4801,2636,3248,5763,718
2953,4689,7855,6508,7834,7589,5315,3165,4470,4090
2697,2636,4163,4666,7877,8821,7865,4869,4082,3085
4346,7130,8450,9050,9050,7122,3657,2833,4233,4662
2380,2806,6439,8440,9225,9417,8616,4031,3087,3632
2091,2861,6411,8474,9532,9418,7342,3835,4527,5726
3041,4631,6107,8865,9581,9394,8050,3394,4382,5072
1921,1996,2893,5036,9055,9276,8856,9022,5563,2591
2710,5273,8122,8511,9471,9441,6931,4061,3801,2655
5835,8509,8857,9221,9117,8357,3874,2835,3975,3862
6544,8476,8937,9152,9141,8732,4687,3692,4240,3682
1973,2287,3138,8703,9061,9014,8245,7497,6096,3266
4418,6837,8714,9299,8972,8191,4546,2668,2504,3459
5807,7612,7890,3339,4203,3569,4218,4848,7253,6586
6767,8671,8368,6024,6024,5639,4102,5663,7478,8699
3466,6296,7214,8964,8761,7129,5084,3340,2745,2939
6315,8672,8971,8368,8368,2630,6224,8780,7205,8975
5524,7448,8260,8376,8376,7497,2816,4553,3656,3212
3553,6975,8452,9224,9224,8762,4067,3787,3170,3968
1895,2459,4174,9270,9270,9443,9046,5763,3610,2982
3712,4057,6735,8681,9564,9464,8922,5693,3981,2797
8740,8803,8754,8681,8635,8709,8821,8832,8082,8591
8380,8586,8038,8455,8455,8961,8545,8763,8691,8321
8456,8126,7704,7908,7908,8472,8602,8527,8778,7483
8403,9051,8974,8805,9043,8888,8860,8889,8543,8751
8450,9043,8837,9223,9041,9113,9122,8498,9250,8849
8225,8821,8864,8922,8913,8470,8221,8697,8546,8305
8795,8568,8185,8671,8671,9030,9349,8930,8752,8663
8850,8631,8653,8490,8443,8480,9092,9064,9489,8830
2112,4636,7423,9398,8819,9476,8833,4833,1989,2449
2945,5041,4712,9192,9640,9498,9147,5693,2452,1852
1355,2158,2761,8672,8672,9441,9096,7987,3822,3499
1909,3483,3616,9096,9384,9384,9198,7937,2930,2684
1557,2697,5444,8060,9250,9487,8779,5852,3048,2696
2358,1888,3278,8258,8258,9299,9339,8500,4320,2690
4774,3109,3542,7334,8874,9269,9256,8271,5683,2916
1695,2985,5860,8840,9379,9309,8002,5298,3383,2390
1627,1278,2515,4524,6385,8207,8410,7958,4619,2510
8506,8193,8366,8716,8716,8923,8402,8267,8758,7912
1985,2832,5311,8886,8886,9513,8442,5216,3588,1806
8208,8865,8614,8918,8918,8883,8744,8612,8423,8789
4959,4489,6208,3496,3697,2793,7354,3763,6141,7966
3244,5878,8376,9459,9459,9461,7154,3311,4407,7944
6642,3944,3573,5467,5467,7059,6469,7360,7013,7267
2264,3298,3998,5318,5708,6394,6680,7197,7793,7294
2668,3454,6526,8021,9455,9356,8465,5488,2638,3709
5258,3223,4551,6074,8584,9348,8545,8278,5930,4929
6154,8735,8142,8416,8707,8187,4718,5261,4274,3249
2757,2283,2874,7320,7320,9145,9392,9189,6700,3711
2846,7886,8711,9173,9167,9260,5516,4564,2746,4685
3670,5313,7782,8934,9163,9180,7344,4013,2791,2625
1790,1972,2563,8413,9241,9183,9369,8899,6168,4417
1844,1854,2807,7586,7586,9181,8583,9201,8116,3520
2144,1902,2643,6154,8487,8946,9171,9207,8681,7437
3279,3650,5947,8653,9327,9391,8734,4860,2590,1973
3514,2936,3062,6530,6530,9207,9240,9062,8499,8522
3116,6297,7777,2849,2849,3727,8506,8726,8908,4360
3537,5207,8063,3301,2856,4006,8511,8803,9072,8535
1735,2243,2423,5010,7998,8727,9317,9196,8295,4753
3123,5506,8440,9383,8976,9311,6778,4211,3355,2275
2741,5573,2215,3042,3025,5485,9089,8524,8872,7364
6489,8911,5420,9317,9317,9110,5292,3431,4080,7240
2213,3834,6195,8770,9347,9451,8689,5089,2543,2450
2492,3351,5423,8749,8703,9455,8407,5063,3440,2732
1758,2231,2368,6279,8373,9172,9159,8869,7603,4479
2945,2525,3880,4407,8874,9227,9333,9126,8079,8261
5601,8112,7109,7671,7671,8172,8004,7983,7298,6831
4135,8760,8188,8317,8317,7860,8102,8109,7922,8303
7600,9232,8665,8639,8639,9134,8831,9029,9176,9006
6503,9077,8392,9075,8339,8930,8496,8059,8998,9355
6663,9114,8645,8548,8548,9119,9099,8847,8551,8252
5467,9240,8336,8154,8154,8956,9040,8945,7829,7840
7260,8940,8784,8577,8577,8652,8026,9184,8971,8784
6042,8721,8708,9244,8951,9168,4345,3839,7939,7624
8347,8795,8227,8928,8928,8822,8440,7773,8099,8720
2878,2927,4998,7976,9300,9360,8550,5441,4650,3213
1821,3331,6049,8399,9079,9458,8883,4844,3087,2249
4322,5572,4901,3744,5641,7469,9073,8593,8285,7595
7061,7905,8166,6476,6476,7312,8050,7398,7804,6423
3877,6503,5396,4572,6980,7683,9135,8782,6005,4029
8277,8402,8467,8540,8540,8892,8420,8687,8426,9021
8076,9012,8687,8747,8747,8783,8173,8645,8354,9008
8529,8496,8239,8845,8845,8924,8454,8903,8861,8998
8008,8534,8616,8836,8836,8991,8206,8558,8681,8958
3353,4553,4871,6112,6112,6087,5991,5818,6042,5957
6071,8402,8094,7083,7083,8093,8255,8312,7369,6602
3139,4623,5097,4711,8017,8529,8921,8270,7843,4530
2963,4700,5881,8320,9342,9390,4684,2543,2858,2491
2608,2520,4464,6152,6152,9253,9108,8099,5594,4713
1678,2487,4372,5973,5973,6906,8372,8341,7653,7562
2411,4177,3510,6625,6625,9034,8872,7045,4269,2528
2623,2773,2421,4446,4446,6721,9475,8661,5847,3938
3072,2577,6664,6123,9004,9296,8987,7804,5383,4378
8106,9080,8279,8542,7517,8980,8301,7275,8309,8782
2631,2706,3919,8596,8596,9406,8261,9072,4789,2734
2533,2638,4228,8939,8939,9281,6615,5023,2852,3070
6055,8614,8533,9027,8545,8740,4267,2558,4712,4482
4107,6694,7900,9271,8921,9240,6028,3467,3832,2995
5538,6859,8341,9086,8751,8385,3039,2747,2730,4915
5243,4858,5811,6618,7602,5403,5630,6542,7134,6824
2892,2265,3964,7077,8524,9337,8251,8802,5748,3714
4479,7032,8398,9310,9310,9222,5088,2526,3969,3401
2822,4419,5543,3508,4216,2647,4829,5824,7968,8297
2815,3343,4489,3301,2436,2699,6199,5631,1646,8784
4277,3562,4796,7743,7514,6324,8396,6724,6090,3438
5347,7260,8313,8873,8993,9159,6108,2926,4186,3260
2863,4970,6950,9341,9341,9369,7681,4323,2443,3784
2503,3079,4910,8985,8985,9262,7196,5176,2481,2503
3092,3944,7437,8615,9437,9181,6972,4779,3553,2803
3312,5966,7434,9125,9454,9329,5734,3662,4168,1673
3484,4209,5716,8628,8966,8907,6699,3645,1984,2851
7555,8380,8537,8642,8642,8383,8927,8417,8770,6924
5109,8198,8416,8772,7362,9201,5476,2652,3777,3649
3100,4258,4478,9202,8851,9435,9156,8160,3780,3415
2422,4727,6094,9262,9224,9286,5286,2649,1950,3428
2722,2943,5734,8794,9447,9430,9090,5178,2418,2753
2331,3941,4328,8547,8636,9289,8352,4696,4028,4073
2240,3123,4470,8865,9533,9483,8691,4020,2145,2188
2630,3307,8928,9379,9379,9491,8748,4875,2326,3157
2302,2812,4196,8893,7600,9112,7568,3787,2961,2949
2776,5328,7556,9035,9263,9242,5731,3261,4942,1937
2656,2806,4224,9259,9259,9440,8877,5748,3034,3331
5027,7309,8635,9234,8617,9299,3760,2506,1795,4783
3044,3264,5245,8513,9031,9475,8912,5719,1859,2366
2465,2819,4089,7995,7995,9213,7742,5486,3518,2693
3924,6779,8552,9313,9313,9365,3667,2368,3933,3857
4927,7016,8552,9008,8846,8984,4130,4117,3092,3685
2575,3092,5533,8480,8947,9625,8626,4871,2299,2743
1757,3678,3612,2162,4874,3709,7637,9134,8337,995
5511,7594,8319,9132,8810,9065,5505,2770,2018,3162
3164,2294,2672,4369,6029,7621,8705,9387,5971,4015
2029,2153,2427,1928,3910,3339,6969,9124,5775,5904
4915,6519,5667,9310,8452,8559,2827,3255,2699,4690
6407,7056,6977,8886,8407,8306,3121,3195,5385,3834
4466,5702,6741,7141,7540,7560,8093,7736,6023,7502
4750,6622,7081,8005,8005,8105,7051,8015,7705,7745
3207,5351,6633,5869,7002,5552,7914,8077,5392,6450
5614,7301,7264,8995,7748,8872,3911,3073,3924,3498
4093,7477,8271,4023,4348,2060,4847,7295,6210,8471
3004,4738,7715,8941,8682,9302,6740,3571,9865,3456
2162,3648,6526,9359,9359,9426,7330,3684,3464,2556
2227,2258,3438,5221,6642,8141,8835,8167,8501,4189
2061,2030,2731,4295,4295,8556,8700,8855,8717,3314
1774,2101,3700,6358,6358,9352,8667,9071,8755,2559
4704,6724,7668,2782,2782,3532,7155,8155,8749,9215
2465,2274,2607,2724,7334,9091,8695,8715,7125,3851
7247,9081,8273,8976,8907,8809,8835,8554,8011,6243
8048,9008,7928,7931,7703,9093,8642,8409,7827,7980
7846,9041,8689,9090,9090,9206,8532,8747,8708,8348
8175,8832,8184,8801,8801,9083,8817,8324,8635,8764
4714,7573,8483,9412,8622,9358,3481,3605,4799,5623
3075,3461,4235,6152,8153,8716,8555,5152,1828,3281
2781,3766,2470,3753,6833,6029,6322,6690,5871,4609
6082,6853,7923,8723,9012,8786,2898,2927,4811,3848
4432,6578,6644,8063,8063,7699,6587,6274,6616,5321
4451,5317,7787,8831,7615,8789,7082,3311,2665,3972
3945,5950,9131,8911,8412,8231,4041,2818,7893,6499
3719,4817,6124,8537,8619,8652,8306,6627,6075,5924
2591,2650,4167,9108,9119,9369,7026,5394,3255,2048
2401,5321,7104,8863,8863,8462,5039,3582,3788,3251
3627,5038,8207,7988,7833,6860,3673,2240,3457,7166
3838,3346,3446,4928,4928,3811,4975,5176,5728,4570
2585,3746,4341,1822,1822,1663,4605,7960,8192,5754
5919,7689,7606,8498,7160,8375,7571,8129,6913,7922
4804,5532,6163,3862,6310,3176,7008,6895,7045,7999
2999,5284,4438,8475,8475,8010,7040,6402,701,5071
2843,5513,7237,2865,2865,2804,7284,8061,7588,9324
4534,6818,1205,8230,8230,8024,7357,7093,5153,4717
2281,3196,5665,9212,9212,9484,9002,6242,2191,3130
2977,5061,6332,2864,2864,2660,6290,7389,7917,9139
8217,8914,5863,2671,2361,2844,7934,8130,8745,9367
4881,6902,8303,9280,8672,8967,6018,4739,2389,4397
1953,2003,2162,2529,5633,4814,8563,8597,9024,9332
1826,2745,2125,2448,3869,2450,6903,8411,8865,8982
5261,7793,8780,8999,8999,7090,6048,3992,2707,4182
4065,6495,8366,9235,8795,8542,3537,3044,2590,3708
6605,4543,2941,2604,3523,2747,6098,8506,8409,9556
2131,5301,6624,8500,8531,8371,3814,2479,3095,2876
3227,5048,3068,3200,3200,3837,8151,7717,9075,8710
2381,2868,5395,8557,8557,9071,8657,7226,2866,1596
2413,3416,5785,9269,9269,9481,8766,6538,2194,2607
3211,8137,8611,9039,9274,9112,3804,2379,3196,5529
5269,6864,5325,2640,3015,3445,8806,9145,8947,8824
5360,6250,5364,5342,4348,5540,8299,9246,8723,7497
3201,6629,8217,8901,9254,8016,3184,2879,5542,7315
2366,2810,8501,9191,9191,9512,8318,6534,1127,2697
6044,8355,8554,9494,9494,9179,4908,3765,7527,8567
3478,6416,6147,2346,2346,2512,7748,8520,8843,8776
5859,8597,8649,7800,7800,7548,8608,8621,8603,8146
2411,3950,5892,9234,9234,9273,4654,3667,3027,4302
5641,8495,8425,8120,9031,8711,8463,8934,9280,9042
5016,8615,8409,8874,8874,8677,7718,8778,7363,3243
5528,8467,7666,8655,8655,8410,9049,8895,8946,3237
5734,8959,8701,8405,8405,8494,8887,8990,7707,8814
2010,2332,3222,4566,4566,8236,8838,8597,9086,4029
2027,2758,6166,9069,8745,9334,4325,3918,3025,3512
3083,5652,6576,2782,2782,3635,8149,8624,8573,8903
4895,5374,4975,3580,3580,3850,6189,6645,6315,6517
3903,3523,4975,3582,3582,5596,6189,6235,6871,3972
3512,6547,7265,7571,7571,7159,6967,6045,5833,7198
2453,2470,3530,3984,3984,4359,5471,6169,6167,4997
3030,3453,4539,4191,4191,4494,6045,6169,5594,5879
3298,5065,5623,7635,7635,8252,7701,7654,7980,8373
4296,7737,7485,7534,7534,7760,7252,7479,6283,5480
6557,8766,8458,8111,8111,7905,8686,8982,7649,6362
3074,5017,6950,8376,8979,9314,8424,4603,3546,3403
3371,5317,9406,9351,9161,9116,7357,3530,905,1504
2546,4781,4568,7747,8760,9377,7815,6985,3858,3510
3576,3154,4488,6659,8642,9139,9367,7671,5989,3284
3155,4367,3373,8068,9161,9379,8278,5140,3220,2015
2547,4439,5354,8321,9218,9255,7197,5875,1395,3153
3694,7181,5328,8917,9100,8176,5025,3018,1405,5188
3081,5927,4688,8942,9358,9060,5397,3048,2512,3388
3943,5494,6606,6826,5620,5687,6949,7428,7756,7896
2947,6953,8071,9093,9388,9225,7188,6198,5078,3295
3128,6234,7219,8214,8096,7127,7849,3724,4260,6750
4891,4803,4765,4207,5095,3760,5573,6520,7384,6013
6032,5292,4182,4385,3501,3702,7100,7920,8219,7762
4050,4418,6649,5607,5108,4044,5514,6693,6814,8467
4556,4217,6415,6989,6877,6107,7319,7100,7151,7688
2377,5525,2236,2351,5124,5029,8646,8533,8520,8248
5641,5866,6959,6877,6468,5869,7193,7304,8339,8038
2736,2894,4795,7887,7910,2815,2834,4335,5804,8634
6871,6456,6326,7118,7118,5872,5601,5568,5860,6902
5803,5932,7277,6239,6091,6003,6838,6708,7139,6913
5979,5938,6530,6113,6268,5853,6056,6280,6634,7472
3659,3825,5028,6713,7542,6809,7951,6295,2969,3371
4790,4903,3859,4333,6757,5800,2537,2403,4304,8415
5782,5653,6402,5772,6227,5507,5101,6831,5619,6370
6619,7722,7159,7523,6352,5320,5138,5383,5916,6620
2638,2691,3744,5358,5358,5156,4153,3102,4808,4263
3071,3415,4124,4418,4418,3878,5068,5208,7275,6526
3186,3848,6691,3562,3562,6787,8763,9028,8795,8614
5448,5565,7397,8895,8626,6379,8371,7423,7683,6514
3688,4603,6623,7633,7238,6867,8227,8111,8203,7593
1977,2528,3282,7738,7738,8590,8874,4999,4597,3538
2721,4055,3839,3174,3174,4853,7054,8216,8554,7850
2022,2234,2709,6775,8425,8713,9260,7442,4892,3153
2757,3002,4100,6797,7531,5794,7634,8520,7951,6761
3119,2581,3267,6595,7091,5627,5567,5320,6296,5357
2332,3390,3187,3556,4290,6285,8674,9019,7826,8403
2773,3790,4202,4454,5709,6746,8732,7608,8838,8546
3217,3177,4635,5883,6680,5359,7731,7411,5537,6212
2337,2943,2793,2510,3787,5121,8574,8999,8623,8581
5203,5524,6850,8630,8324,6162,8290,8490,8752,7307
2086,2530,3760,9323,9513,9388,9182,5267,3571,2823
2072,2491,3240,6285,7895,8348,8754,4646,3122,2897
1959,2706,2844,7388,8813,8847,9151,7370,4659,3032
2369,2972,2476,2705,4302,5644,8293,8961,8875,8519
2324,2931,2602,3419,5353,6500,8699,8871,8607,8272
3205,4048,3860,3179,5288,6299,8617,9008,8546,8203
3541,5219,7902,2975,2981,4319,6934,8466,8479,8491
2869,4021,2710,3540,5045,5715,8664,8903,8933,8437
4840,6319,8133,3028,3504,4651,8390,9035,8971,9107
3638,4489,4598,3320,4564,6377,8893,9234,8857,8897
8474,8454,3541,2878,3155,3880,7968,8708,8973,8643
2003,2324,2968,7715,8819,8850,8993,6593,4049,3294
3250,2787,4220,2645,3998,6058,8476,9148,8911,8825
2880,4017,6028,2709,3125,5341,8557,9195,9100,9149
6445,4027,3933,3152,3685,5200,8421,8774,8964,9084
5531,3011,3480,2610,3488,5446,8703,9107,9088,9154
6529,4643,4144,3012,3463,4430,7903,8593,8696,8731
6114,7347,3699,2869,3492,5856,8547,8848,8942,8973
5190,4707,4532,6552,6552,5287,6801,7140,7882,8153
6359,4391,4028,3511,4931,6971,8721,9148,8897,8913
4580,6827,7825,8120,4673,4367,4176,6230,8486,8142
3441,3235,3642,7594,8849,9368,9016,8163,6927,2288
3725,4746,4503,2648,4537,4163,8829,9190,8974,5284
2918,4553,7356,9248,9181,9328,7047,4076,3405,3443
2568,3071,5735,9054,8691,9322,8399,4631,3155,3024
2275,2623,4597,8874,8874,9277,8363,4785,2973,2827
3293,4009,5286,2255,2255,2606,3915,7592,7607,7413
3224,3186,3414,8464,8464,8920,7728,7405,5021,4077
4190,3735,2432,4225,8032,7878,9121,8962,6837,3592
2755,2816,5236,8977,8884,9296,7303,4580,3627,2201
3026,3699,5753,7325,8980,8574,8273,5767,2985,3685
3719,3247,4154,2747,5105,4984,9032,9186,9053,4693
2742,3981,6239,9235,8973,8761,8761,2850,3287,4572
2952,2997,3797,3493,3493,3966,6973,7608,8722,7951
3733,4282,6060,9005,9362,8788,8005,4540,4154,4323
2717,3037,3023,6724,6724,8317,9131,7264,6141,3533
2421,2789,3231,6910,6910,8771,8630,8439,7808,3301
3379,3954,4164,8668,8825,7882,8450,6833,7197,4385
2151,2514,4421,8947,9358,9014,8624,5264,5106,3559
2959,2200,2365,5104,5104,8000,9132,8461,8157,6039
4104,3288,3137,4021,4021,5088,7994,8031,8243,3804
5421,5966,6503,8619,7580,4892,7415,7899,8441,8132
3785,6140,2948,4550,4550,2732,4628,5677,5142,3723
7878,7659,7983,8174,8043,7819,8243,7879,8726,8582
7187,7550,7888,7618,8182,6953,7800,8523,7545,8591
4406,5895,7068,6427,5263,3718,4483,4695,6936,7807
7741,7713,8138,8499,8499,7914,8052,8478,6887,8492
6045,6574,6242,6648,6041,4909,6492,5643,7335,7576
3392,6099,5398,4057,4713,3823,5085,3752,5600,5857
8036,7666,7139,7323,7381,6501,7832,6966,8038,7613
4075,4664,6146,5396,4562,3183,3339,4121,5083,5876
3372,3041,3323,7727,8373,7915,7658,8009,7658,3769
3138,3457,3623,7474,7911,7276,6486,7080,6918,3616
6061,6719,6578,7385,7385,6750,7036,6299,7449,7573
5059,5377,6104,4911,3842,2533,4109,4906,6904,6009
7136,8151,7973,8332,7549,2818,2304,2175,3824,8270
4237,5393,5313,5819,5399,2695,2452,3342,7380,8807
5686,5751,5964,7073,6346,6272,6686,6140,6889,6174
8535,9109,9115,8687,7551,2732,2858,2405,2586,3114
5396,5032,4865,4359,3424,2923,3127,2538,5254,8198
5641,6208,7018,6793,6793,6553,8171,8039,7760,6642
3164,5065,6705,6256,5626,5395,4514,6377,7351,6263
2653,4540,6327,4866,4866,3490,3367,4148,7083,6186
7393,6802,7496,5334,5214,4042,3333,7242,7712,7011
2247,5602,6004,8428,6787,7879,6139,2734,4378,3591
3027,2288,3562,7852,8692,8747,8302,7944,7100,5609
7451,6465,8207,8074,7793,7582,7300,7473,7490,7911
6260,5910,7692,7156,7851,7619,8144,7035,7144,7600
8574,8261,4935,3583,5379,5847,8698,8411,8372,7688
3152,4813,3403,3342,3342,3721,3783,4185,4025,4928
2661,4056,3803,3389,4372,4479,4308,3915,3693,4228
2233,3561,5289,7938,2971,3486,3995,4587,4832,5090
5754,5078,7131,7092,7324,7109,7244,7257,6938,7121
5703,5958,6961,7020,7301,6631,6505,5726,6284,5220
3162,2875,3738,3309,4133,3478,4440,3729,2817,4608
7775,8308,6841,8616,8441,8378,8407,8120,7844,8283
4065,4741,5520,7311,7950,6894,7290,7111,7678,8102
4939,6142,5701,7855,6818,5157,6747,6578,7238,7534
5774,6579,5433,6986,6821,6327,6932,6617,7320,7132
6165,6020,6450,6036,6893,6456,7119,4434,5353,6672
6213,7224,7662,7884,7752,4884,6852,7517,8075,8080
6791,7795,7278,6828,7706,6414,4411,5126,3903,4119
2612,3864,6638,6729,8079,7635,8178,8326,8685,8399
6532,5966,6642,6647,7354,6638,7018,6588,5146,5665
2820,2843,3658,3545,2789,2313,2731,2366,2530,2149
2025,4341,7069,8713,8625,8347,5988,4523,4983,5727
2865,3369,3635,2174,1950,1984,2790,2780,3032,2367
4400,4371,5133,7672,8247,8646,8482,8442,7975,7374
8615,8833,7913,8257,7896,5774,3578,3521,3176,2739
5585,6211,5976,5998,6294,6586,6239,6001,5497,6312
5568,4469,5204,5108,5277,5750,6765,5584,5569,5820
8773,8446,8648,8397,7873,5525,3026,3128,3226,3013
1993,4740,6577,9174,9174,8941,8192,7056,3654,3604
8753,8840,8492,8516,7649,5014,2910,2923,2771,2993
6333,5685,6209,6514,5988,5495,7260,2085,3009,3393
6684,7090,6813,7270,7502,7687,7989,6932,7229,7747
4862,5715,6177,5198,4931,4970,5597,3959,5149,5988
2215,2651,3743,2002,2578,2289,3729,3596,5228,4833
3206,4113,4797,6345,6345,5135,7783,5914,6760,4246
4490,5565,6146,8701,8990,8493,4939,7310,8496,8644
5241,7031,5840,7342,7058,6147,7126,5805,6198,5732
7642,7684,7222,9019,8374,4405,6938,7338,8544,8554
4457,6620,6352,6109,7084,6825,6038,6219,5530,5500
2015,2191,1931,2371,3346,3538,4273,5542,5740,3972
5038,3735,5489,8789,8789,5715,7477,4324,7840,8440
8424,8583,8533,8622,4737,3830,8325,8024,8688,8632
5906,6872,7054,6819,6810,7270,7999,7016,7686,7970
6743,6704,7558,7612,7030,7347,8091,6956,7770,7765
7528,7264,7645,7248,7437,7425,8216,7738,7730,8118
2211,2676,3017,3350,4727,2589,2259,2188,3008,4288
4389,5233,8105,8044,7573,7993,7711,7951,7561,7452
8019,8767,8334,8967,8790,8553,6520,5531,4245,4448
6296,6573,7640,7572,7053,5872,7623,7947,8032,8323
3918,6210,8029,8754,8435,7251,8043,8509,8177,8394
3684,2878,3358,4776,7870,7471,5977,4667,2356,2448
4992,8003,8243,8547,7748,7451,7045,8116,8512,8385
4467,6678,7204,6818,5556,5880,5808,5529,5534,6880
7060,7701,8990,7870,7036,7103,7037,7102,7142,7388
4878,5005,7538,6869,7002,7428,7338,7421,7403,7483
5361,7440,5535,7376,5858,5619,7036,7199,7235,7499
2601,2738,3399,7349,7349,9018,8970,8888,8215,3983
6238,8133,8669,8398,8398,7852,8033,8779,7476,8704
3811,5294,7922,6846,5704,3986,6406,7296,6932,7660
4617,6017,7276,5267,4384,2756,5402,6754,6341,7578
5313,7468,7115,6538,5992,3767,5080,3227,3149,6863
5683,7028,7113,6687,6982,7192,6894,7267,5927,5551
5410,6141,7378,6101,6133,6509,5798,5539,6998,7231
7360,8248,7848,8185,8065,7519,8359,8115,8207,8314
4665,5911,7104,5130,6105,4372,5188,6631,7229,7796
5138,5749,8369,7898,7908,8064,6946,7645,7933,7941
5787,6854,3634,4902,7316,8743,9226,9102,7316,3657
3080,3201,4479,5162,8252,9482,8933,6105,4872,5463
2721,3302,6003,7594,9281,9049,7855,7288,2528,2712
3150,3535,3263,4525,6602,7791,9433,9158,5844,7235
4290,5494,4321,4665,5002,4995,8750,8433,7360,6443
3685,5006,5392,7652,8260,8403,7034,5333,3323,5203
6851,6451,3789,6124,6226,7106,2036,8476,3863,4147
3093,4000,2547,7213,8291,8982,5315,8708,5060,4025
2809,1659,3747,7665,8476,9087,6915,8113,2378,4465
5489,3036,4226,3176,6175,6708,8966,7965,4878,6121
6186,3525,4681,5226,8574,8972,6323,5002,3897,3552
2988,3254,3739,5324,7212,8017,5160,5406,5629,5148
6330,7856,4636,6319,3898,6447,9176,8885,5696,7965
2525,4262,4332,8068,8793,8729,7819,4438,3078,4691
2042,5070,7017,9190,8457,8645,7367,6715,2036,5823
3214,4104,3362,5184,6214,7282,9266,9099,5183,7431
7061,2662,5659,7975,9161,9398,9301,7008,5015,2565
5950,3468,4183,6937,6221,8888,8045,5127,3206,7482
2116,4454,6455,9079,9283,9339,7559,5154,1163,2684
2355,3692,7640,9086,9132,9131,8468,3107,7587,2575
2779,4468,6700,9308,8198,8562,5039,2706,3364,4152
2842,7134,7527,8454,8619,7608,6327,6208,1900,3163
2517,4395,5839,9161,7774,9298,6997,6324,3272,5602
6223,6251,4067,6307,6307,8205,2420,8801,5788,4295
4507,6339,7731,8781,3974,3506,8521,8995,6839,8095
4625,7410,8287,7636,8201,7980,4831,3552,5851,2696
2861,5178,6960,7592,8326,8466,9956,7733,4399,4849
3969,2694,3318,6712,8537,8952,7264,4683,2896,5858
7256,8248,7835,6908,7802,6815,4587,6545,3494,3167
2582,6086,7429,9395,6403,9171,6306,3016,3337,3461
3124,5411,6064,9177,9145,9291,8063,3400,4586,2519
2904,4027,4398,8371,9013,9344,9000,4319,4352,4368
4163,5015,5587,7730,8284,8969,7603,5302,9892,2845
2750,4001,5360,9063,8620,9198,6042,5740,2915,6352
2803,3054,4895,7329,7302,9405,5571,6223,3712,3500
3869,6935,7728,8894,8209,6919,2375,3983,5511,8544
6260,4554,4265,3193,3599,6717,9381,8921,5789,3388
2280,2807,5852,6045,7480,4587,7692,8365,6734,8535
6284,8249,8073,4867,8903,8654,9398,4078,6446,8866
3672,5546,3389,3408,3575,7961,9586,9301,7975,7180
2255,5281,8492,9464,7167,9131,3750,2864,2286,3524
4136,3840,3791,3391,4491,6010,8069,9009,6266,4666
4516,6688,6244,7309,5752,6875,6595,7105,7037,6719
5885,6804,6839,7065,7340,7108,6783,9032,5700,4124
3388,3487,3213,3536,3318,6629,8198,4250,7011,7527
6795,7310,6734,5291,3173,3741,7957,2788,7215,7516
6134,6822,6749,6163,8378,7932,5690,5311,8328,4005
3995,4842,5477,3849,4769,4391,5779,7989,9097,7589
3148,5701,7006,3111,7335,8066,6650,8823,7498,7273
6873,7527,7475,8569,7917,8454,3264,3652,8458,6355
4605,5434,4923,7373,7787,2788,5839,5576,8183,8268
6603,7682,8032,8636,8236,7999,7134,8829,8319,6785
2396,2603,2377,3821,5911,1651,2914,5513,7677,9114
5377,5369,6449,3572,7685,6988,5841,8203,7645,7606
2422,1826,2293,3293,4019,6037,1460,6255,6360,8839
6369,6787,7111,5056,7540,5051,2692,8766,6712,7885
5800,6563,7553,8693,8546,8508,2502,7390,8426,6088
3315,7005,7112,4793,4373,5186,2455,3228,4208,5652
6609,6898,8096,5844,7699,6656,7676,3671,2287,6689
3531,3756,5944,4632,4798,5217,3229,2731,5130,6859
7427,6356,8414,5626,7542,6245,7662,2083,3773,3558
6917,7992,7535,8361,8353,8362,4806,8086,8309,4520
3193,5702,4061,4758,7525,6286,7828,8535,8575,8681
2693,3873,5692,8114,8572,8935,4690,3325,3707,5598
2623,3133,4588,8986,9313,9405,7064,5474,3479,2403
8134,8067,7140,6853,7242,5701,8183,5133,4345,3676
5236,5715,5607,8141,7574,7059,7083,7154,7192,6577
2799,3444,2756,2969,7214,8016,8408,8579,8666,8432
3387,2748,4594,8333,8333,8727,8693,8021,7707,3977
5020,6219,6824,6849,6810,7715,7209,6314,7471,7662
5129,4082,7426,6746,8650,8270,8104,8446,8162,8456
6156,9258,9493,9341,8735,6132,4030,5624,6937,9132
4290,7923,9460,9370,8588,7905,4125,4282,6157,7782
5579,5918,3517,3548,3159,3550,7895,8707,7677,8407
3622,4711,4406,7094,7893,8077,4527,8400,6983,8703
4285,6441,6162,8143,8143,8223,6710,2540,2735,2733
2474,5187,5636,6154,7860,7150,3890,7570,7029,7650
3146,4354,5099,5081,5497,5670,8022,6097,7875,7858
3430,5561,6776,8338,8338,8268,6368,8272,5603,7919
2506,2758,4385,5408,8875,8912,4182,6948,6694,3817
2656,5778,5908,6423,7044,6667,7896,8636,6691,8483
3996,5040,4579,7217,6330,7136,5277,7326,4963,5125
6686,7806,7272,6940,6900,7356,7775,7324,7037,8158
2606,2724,6190,7745,9034,8788,7796,6740,5422,2921
8572,8819,8950,8621,7361,3514,4891,6994,6411,8836
5363,8818,8878,8858,7808,3426,4722,6732,8677,8768
2982,3032,5002,5692,7939,7769,7737,3265,4134,3503
2414,2795,5445,7556,8884,9312,8426,8272,6133,3745
4945,6057,7388,5376,5376,3813,5000,6731,7699,7777
2724,8244,8141,9285,8929,6335,2673,3165,4662,3604
5430,7135,8136,9222,9004,7131,3243,4795,6920,7598
2378,3711,7533,7923,9070,9156,7559,2972,3187,6629
6214,8507,7729,8741,7406,6755,3392,6280,6907,8737
3367,3574,5796,8603,9137,8939,8018,7380,3385,5060
2314,3363,4802,8930,9199,8998,2712,4045,3927,9001
3229,3019,6453,9158,9547,9314,8191,5206,3026,6665
5801,2859,2627,6443,9117,9310,9167,6948,5673,4259
3954,5558,7654,9077,9128,8901,6320,3198,2696,3217
3306,5270,4578,9223,9091,9056,3435,3078,3030,4408
2888,3072,6536,8150,8745,8958,8436,5705,3717,3418
4431,5029,4988,6108,6453,5808,2506,7214,7297,7463
4258,5470,6762,8301,9209,9193,5616,3078,2733,7500
6072,2372,3022,3277,7780,8704,8902,8691,8643,7415
3583,4239,4112,4839,7619,8564,9069,7682,7508,4982
2827,2769,6517,6979,9417,9094,9138,5285,3600,4311
3322,3448,5512,4912,7166,5043,6945,7464,7014,7215
2934,4268,2223,4996,7803,8098,8102,8186,8080,8232
2085,4694,7173,9363,9316,9360,6966,3373,3439,5667
4393,4389,4905,9021,9280,8256,6202,3394,5344,7979
4567,5027,6166,7030,7779,7232,7409,8312,7672,7873
2236,2434,3563,4375,6737,6504,7389,8374,6593,4349
4133,2448,3640,2596,3296,4324,6366,6220,5016,3541
5014,5590,8254,8388,9021,8733,8518,8875,7369,8028
4559,7746,5673,4388,7631,8462,9459,9321,9138,5218
3346,3401,8275,8013,8096,6310,2549,3312,4013,4335
8061,7890,7777,6705,7475,8275,9207,6868,8190,7241
4396,4257,6935,6011,6909,6961,7037,7503,6234,6953
5540,5175,3728,7924,8221,6148,3402,5391,6009,7165
3138,1633,4849,7631,3766,2870,5129,7727,7417,8608
2988,3168,7584,8497,8821,9281,8869,5644,5079,3163
2538,3783,6679,9217,9379,9208,6196,4127,3818,5148
6706,3129,3905,8239,8524,9265,8621,5588,2795,5237
2742,3938,5462,8490,9290,9057,6441,4164,3278,4906
4840,4491,5058,5744,6167,5305,5828,5907,5653,6901
2346,2955,1551,8706,9459,9104,5729,4668,2596,5405
2943,5646,7809,8619,8917,8388,9282,8701,9232,8781
6688,7396,8724,8117,7889,5491,6868,7585,7721,8502
2924,2938,7758,7799,8761,9040,8031,6791,3181,3638
6073,5346,4558,7188,9295,9269,9308,6518,4837,3993
5085,6105,6683,5567,6849,5087,3467,6720,7581,8051
7469,7160,6910,6355,7134,7629,7741,7870,7751,7877
7980,8447,9026,8846,6194,4100,5094,7643,8499,7299
3605,5210,5573,7941,7930,7616,7222,7295,7165,7260
2775,2684,4525,4210,4210,8046,8792,3365,3622,2936
4717,7782,8490,7079,7500,8222,6632,7169,7332,6172
8436,7366,7686,7364,7364,8305,7186,4304,7345,4448
2524,4496,7932,9228,8855,8972,6013,5379,4211,3206
4781,5537,5864,7536,7240,6835,6371,5686,6868,6328
3806,6207,7167,7898,8116,7600,7688,8431,8351,8113
5527,5792,6012,7153,7179,7237,8007,7539,7973,7997
6925,8811,8832,8371,8746,8448,8158,8430,7825,5566
4946,6754,6648,7966,6145,6161,3175,2798,7041,8485
3706,4810,5772,6304,7971,8136,7008,6793,7266,6832
6255,8042,8752,7400,8221,8843,7626,4980,8625,7716
8422,4699,4590,8436,8965,8180,5998,6356,6333,5792
3229,4067,7069,9180,8869,8622,8351,2840,7136,6065
2507,2859,3073,6074,7137,8027,7406,6033,6469,7109
2839,4550,4397,6668,8087,7651,8006,7918,6941,7441
2825,4519,4485,6690,8010,7863,8231,8291,8512,7541
3933,6353,8293,9423,9493,9384,5292,2873,4826,6567
8145,2808,8831,9355,8127,5780,3975,5133,5552,8450
8084,8677,9094,9525,8798,6532,2694,3302,5226,4802
3235,2568,6328,9146,9497,9340,6377,4644,5409,2838
7305,8355,8981,8105,7881,8495,8870,8718,8977,9907
2492,4283,4735,7075,7869,7741,6374,7173,8342,6887
3470,6090,5840,7400,7938,7336,7792,8272,8835,8052
3810,3517,4355,5174,4451,5292,6794,9028,7495,9012
5622,6582,7630,8439,8445,7772,5409,8074,6570,7860
6994,7472,8174,8817,6452,7917,7933,8019,6697,7902
2209,2597,4554,5309,7242,6717,7659,7616,7957,7217
4462,6324,6733,8198,7933,7519,8405,7320,8078,7742
4809,6631,7058,8404,8821,8425,8195,8089,7961,5114
5536,5851,7670,8425,6504,7020,8055,8030,8434,7547
2297,5376,5281,5754,6685,7242,8464,7885,7943,4697
6896,6653,8372,8524,8527,8029,7793,7592,7846,6927
3678,4725,7131,7217,7971,7997,5362,5959,7266,6354
2656,3176,5853,9141,9104,9239,7096,2784,4115,6553
5007,6450,8303,8119,8081,7526,6596,7029,6918,6183
2792,3371,6001,8056,7330,7608,8085,8440,8755,8443
3636,2086,2532,3903,4317,4772,7095,7048,7952,7232
3987,6792,7133,8431,7842,8043,8301,8677,8855,8080
3097,4511,5005,7083,7962,7779,5690,8181,7764,7566
3686,6602,7083,8214,7203,7848,8238,8579,8680,7998
2088,2655,3404,5932,5156,5593,7432,7007,7419,7127
2813,3877,2592,3875,3597,5196,5312,7056,7947,7965
6398,5000,7680,7722,7207,7742,8559,7106,5637,8355
3930,4598,5047,5926,5386,6873,7045,5729,6520,6253
3067,4213,5232,7885,7205,7508,7966,7602,8056,7321
2217,2309,2570,4702,5817,6318,7038,6733,6196,5699
4299,5480,6001,8111,7813,8055,8026,7692,8003,6147
3501,4465,3362,3842,4657,5540,6214,6162,7006,7244
2349,4103,4088,6295,6203,6466,7677,7320,7820,7249
5333,6137,3804,6810,8788,7384,5329,6958,6676,6802
4764,6128,6966,7960,8198,7773,6326,7488,7924,7214
2488,4006,4425,5980,6544,6492,4762,5974,6864,7554
5865,8020,8198,8417,8059,7795,6215,4544,7990,7196
3004,5715,5480,7599,7836,7410,7550,7533,7959,8192
6863,7791,4886,7998,7376,7340,6011,5943,6404,7226
3309,4335,3100,3958,3556,4902,4715,5679,6824,6875
3637,3655,6303,8993,9411,9039,3622,2582,5385,6479
4874,5696,8160,6634,8243,7983,5927,4159,4109,6785
5682,4051,6505,7399,7399,6536,7063,7724,8062,7089
2883,3181,6189,8406,9398,8988,4162,2738,2857,4631
5632,3437,5787,6288,6628,6082,7030,7136,7752,6599
4827,6138,7100,8953,8953,7982,4841,4207,6580,8479
8783,8071,6152,8075,3625,4160,3143,4308,3115,6800
4655,5598,5712,6539,6539,6509,6541,6471,5711,5510
3539,6175,6477,8231,8444,7957,7924,7866,8399,7059
5681,7526,9036,6371,8688,5961,5159,5494,7756,7659
6485,5460,6379,6395,6395,8139,7355,7293,7939,6963
5955,8199,9322,8294,8656,3986,5405,8397,8585,8713
3439,3329,6361,8523,9505,8730,7929,7461,3187,2769
7158,3374,7364,8543,4967,4379,4998,7568,8676,8772
7596,7458,8099,8231,8457,7603,6022,7232,6236,7079
7922,8036,7146,6111,4085,2064,4585,8391,8225,7830
7596,7513,7422,7680,7698,6796,5370,6137,6291,7667
6378,8860,9192,9084,8730,4632,4699,8044,8767,8860
6581,6679,7167,6626,7091,7044,7380,6302,7080,7542
4972,6072,5582,9056,9202,8905,8254,3199,3210,5466
3541,4255,3379,8794,8559,8327,8376,4508,3381,4628
3169,2584,6780,8330,8403,8895,8708,5915,3779,2786
2697,3413,2465,8852,9255,8776,8878,5570,2919,2382
3768,5039,7077,8029,7574,2457,3223,2857,2538,4286
4088,5329,5982,4222,6192,4387,5251,5736,3455,3363
5184,6563,6421,5379,5843,6117,5245,5622,5841,7191
3889,2975,6062,4345,4969,5499,5859,4497,4868,4008
6301,7160,7148,6119,7786,7586,7904,7879,6466,7507
6679,6888,6062,6181,6958,5499,5859,6720,7469,6587
4075,3923,5750,8701,9359,9222,8160,7076,4480,3094
3772,3686,5103,7373,7487,7554,6847,7193,5465,3474
2580,4810,4599,4740,6589,6796,5878,4244,3094,4982
3205,2900,3876,7349,6355,5964,3730,6691,5174,6310
6145,6922,7827,7933,6599,7847,7363,7063,6686,6357
2561,3094,3593,5828,5828,5083,2817,5391,6370,6193
3854,4447,3049,5261,6652,4774,5517,6186,3977,5051
6154,7905,4081,5378,6067,6526,7608,7491,6296,7358
2876,5766,4921,4353,4683,7586,5493,7251,5035,2780
6163,3157,3057,3732,6077,5672,6834,7942,7326,6842
3643,6718,4969,7899,7556,7104,7305,7251,8096,8218
6428,7168,7992,8211,7711,7602,7514,8091,8677,8306
6721,7923,7832,8496,8430,8194,7257,7311,8042,7938
7849,8269,8107,8596,5972,7483,3995,4971,6696,6610
5336,4127,4556,6450,7476,7031,5848,8063,8556,7759
6856,7545,7320,8086,5529,7625,6147,7934,8331,6765
4361,6108,6707,7630,4977,6636,7016,6843,7753,7212
7549,7327,7846,8348,8059,7304,3033,7493,8057,7440
5391,7517,7033,8239,7824,7166,7927,7085,8248,7587
6710,6412,7767,8192,7989,7727,7514,8122,8573,7510
5813,7114,7517,8233,7731,7953,7967,7897,5802,7434
6491,7252,7784,8330,7996,7304,6225,7659,7780,7464
6497,6640,6335,7731,7394,7252,7616,6709,6943,6807
6001,2836,2973,3355,4339,4780,6963,7574,6505,6364
2350,5359,7626,9476,9594,9452,5451,2647,4334,4984
5700,7476,7898,8128,8529,8160,7859,8488,8488,7421
3720,5888,7052,7432,7326,7054,1917,7498,7571,7741
