"2017-11-01", "2017-11-17", "2017-12-03", "2017-12-19", "2018-01-01", "2018-01-17", "2018-02-02", "2018-02-18", "2018-03-06", "2018-03-22"
4541,4598,4695,4671,4671,7197,6578,6247,8184,6125
4071,5636,4103,5108,5108,5068,4105,5613,6551,5141
3762,4450,4592,3525,3525,3738,4194,2864,5181,4257
4179,4661,3736,2216,4239,4535,6341,6819,6476,6240
4002,4378,3571,1954,4643,3941,4339,5442,6520,5774
3931,4434,3466,1776,3845,5893,6367,5282,5695,3548
2755,2987,3484,3111,2473,2941,2450,2743,3965,3878
3845,4395,3345,5559,6063,4491,1229,4183,7691,4200
4213,4403,3717,3010,4363,4204,6343,2392,4159,8055
4321,4371,4098,5520,2167,4261,9145,2281,5123,6478
4480,4758,3968,5315,5315,5060,3139,6858,5837,5408
4427,4637,4739,4099,4099,4756,6025,7859,4452,5929
5303,4891,4002,5640,6627,5167,4536,5367,7544,5056
3887,3806,4348,1791,4562,3848,3839,2097,3369,5946
3760,4347,3570,5495,4043,4768,3098,5912,5926,6478
4118,4619,3973,5904,6599,5508,2520,6171,6141,6160
4828,4415,3222,2836,2452,4325,2596,5761,3753,4177
4184,4246,3660,4645,4361,4564,3154,6039,5253,5585
4165,4214,3297,1096,3854,4565,3919,4068,1130,5274
4287,4873,4022,3226,3977,4807,5035,4824,3211,6219
4604,4081,3146,4445,5243,4090,1851,5188,2303,4617
4764,6043,4194,5596,6139,5251,2887,5589,1658,5331
4969,4614,5405,5030,5185,4944,7429,5019,2391,1377
3875,4063,3658,1024,4506,4151,3600,4830,5200,4723
4312,4184,3255,3364,5578,5032,2176,5092,5812,5725
4015,4510,3738,1820,5576,4728,6369,3220,2175,6147
4074,4085,3872,2849,4164,3181,5501,3876,3943,5225
3712,4254,3848,2234,3011,2948,6177,4833,5836,3695
4022,4263,4387,2223,5146,4914,6040,7217,6330,4709
4049,3586,4171,3171,1237,4199,4772,2719,3933,3927
4176,3957,3757,4521,1858,3716,2607,5854,4185,4437
4377,3992,4401,3496,3496,3840,6392,5513,5817,3854
4113,3331,3494,5226,4382,4331,2408,6227,4255,4879
4239,4839,3986,2629,2629,4700,4176,3357,5244,4638
3867,3967,3406,5370,4954,4731,3821,5674,5419,3051
5875,5058,2614,4897,4897,3846,5210,4008,2885,4657
3523,4589,3523,1360,5463,4841,4194,5837,5448,5889
4220,3307,3004,695,4246,4583,2437,6278,6670,5545
5021,5133,3947,2622,5451,4805,4190,6157,5174,5358
5052,5041,3708,3757,3590,6416,4833,4568,5206,5801
3887,4274,4453,2551,4831,5211,2131,2881,2975,4598
4061,3937,3544,3424,4692,3997,7048,6162,6500,6366
3957,4473,3736,4286,4286,4769,5721,7960,5275,5888
3363,2519,4113,3633,3633,4701,5535,6950,5822,5081
4002,4629,4060,4587,4587,5699,4263,3710,5924,5813
4267,3978,3739,2263,4141,4554,4171,4987,2029,6945
4178,3212,4261,3175,3568,3206,5589,5170,5248,4183
4592,5648,3828,5664,5664,5306,5000,2847,5606,4982
4066,4389,3835,2675,3044,4405,4714,4880,1596,5864
4725,4558,3877,5911,2570,4035,3795,5629,2564,6409
4867,4121,4347,4017,5683,4072,6902,6464,5817,5066
3961,3010,3385,3148,4010,3302,5184,5783,5212,4512
3900,5257,4231,4159,3796,4752,5738,3736,6167,4658
4357,4976,4134,3382,4821,6044,4437,5776,6856,3644
4155,4440,4216,4506,5226,4106,5174,5744,4246,5067
4154,5030,3948,3749,4769,5085,5551,3791,6087,4588
4838,6373,4428,4461,4461,4255,3983,3597,6818,5643
4566,4341,3476,4438,5559,4663,4533,5676,4100,4037
4788,4690,3146,2648,3939,4109,3491,5301,5861,4950
3932,4721,2996,3760,3760,4461,4506,4186,3687,4560
4683,4966,4614,4111,4111,5128,4693,5529,3568,5287
4138,4149,4460,3697,3305,3760,3849,5375,3169,3807
3413,3512,3159,2951,4228,3914,6107,6660,5186,4424
3781,3728,2965,3547,3246,4051,2417,2814,4579,2064
4589,4835,3698,4855,4507,6246,3846,2802,1696,3488
3318,3569,4183,5367,4124,4225,4117,5157,3007,6376
4238,5033,3780,3422,5532,2730,6441,2295,5245,5763
4234,4664,3847,2298,2053,6057,5694,5856,6269,6437
4456,5088,4004,1741,4765,6364,4107,7324,6064,6527
4369,3835,4212,5106,5307,4353,5066,4085,4736,3729
3371,3916,3615,2966,2371,3879,4226,4645,4743,5373
3677,5781,2941,4781,4337,3568,4545,5805,3009,5460
4244,4104,4385,4718,4718,3896,3220,4622,2874,3787
3775,4677,3442,2304,5822,4699,5975,5591,6820,6030
4566,4362,3390,1305,4544,4798,5831,3356,3964,5479
3612,3399,3962,3939,3939,4091,6829,6242,6130,4904
2378,1874,1606,2023,3165,1196,3673,2209,4792,3591
3967,3832,3565,3454,3454,2087,3769,5756,5728,4822
3588,4031,4091,1458,5818,5859,5590,4448,3303,5904
4961,4746,5344,4319,4546,4844,6930,5936,6911,5437
3886,4278,3546,1433,3092,3899,2243,2771,4202,5416
3880,4269,3488,4370,4370,3796,5732,4936,5804,5414
4047,3750,3891,3345,5853,5457,3935,5673,6157,5020
4468,4915,4020,3867,3867,4690,6020,3273,5310,3920
4238,4206,3658,4565,4993,4466,5156,6071,3232,4587
4828,5008,3914,5362,5362,5212,5773,6604,2923,6374
4031,4225,3644,3867,4162,4161,5147,4171,5155,5922
3955,4582,4437,3831,3939,4119,5428,6313,3076,5372
5116,4417,4219,7377,7377,4963,3014,7577,6601,6053
5381,4514,3762,2058,1888,5673,6001,5635,5655,4898
4119,5140,3542,1615,4739,4315,4345,7897,5828,5292
4061,3100,3046,4202,5263,3950,1966,6523,5611,4604
4779,4473,3452,4930,4930,5077,3977,5167,6563,6209
4433,4658,4738,4193,4193,4166,1853,5443,4531,5022
4376,4204,3231,3591,4147,3293,5372,5499,1606,4259
4007,4186,3501,5355,5355,4898,6051,3910,5804,6374
4203,4498,3139,3965,3965,4132,3387,4580,3215,2383
3107,3017,2744,3413,3945,3532,4897,2439,4466,4885
4397,2930,3156,2928,3904,3889,3638,4509,4220,3555
4594,3800,3082,2552,4329,4284,5342,3840,5300,4994
4785,4557,4454,5578,3143,4809,3774,5920,4465,5249
4435,4131,3942,4393,4393,3658,4906,4451,5979,4740
3865,4171,3836,3396,3396,3814,4233,4598,5538,4769
3751,3589,3505,2447,5408,4938,3539,7142,3080,6599
4124,5001,4078,2881,5113,4919,5521,4768,5450,4598
4041,1966,3488,4848,3256,4768,4636,4305,5696,6292
3993,5161,5493,3542,3248,5594,7726,5322,2141,3991
4659,4141,4223,3515,3515,5485,3889,4108,6304,4951
4190,4278,3655,4163,2635,5890,6579,5466,7577,4929
4031,3356,3847,2018,2744,2882,2863,3825,5042,4148
4115,4576,4862,2817,2817,5978,6889,5055,4853,5173
4331,4508,3659,4985,4221,5236,2167,3940,2484,6120
3766,3993,3429,4954,5866,4868,6050,5903,5264,5609
4093,3886,4119,1834,3896,3822,5566,5866,5761,5634
3840,4243,3572,1561,4445,4161,3057,6594,6358,6384
3374,3363,3608,1746,3877,4030,3732,3525,4376,4160
4483,4657,3450,3535,2327,4312,2880,4035,6345,5993
4090,4517,4739,4732,4732,4420,5232,6682,5043,5090
4117,1995,3404,2796,2039,3375,2702,2991,4837,3432
3326,3759,3722,2035,4842,4352,4834,4032,4378,5109
4388,4091,4383,3627,3898,3964,3964,7348,5962,6219
4968,4101,4390,3786,3786,3817,3339,5035,2488,2623
3943,4320,3768,3881,3881,3140,4802,6274,5562,6223
4643,5920,4696,4939,6238,5816,6994,6512,2889,6672
4421,3649,4178,3756,5358,4082,2790,5755,6071,5175
4549,4568,4936,2076,1554,4270,5496,3125,7697,4895
5038,5031,5866,5255,6372,3657,6108,4861,4773,5554
4153,4818,3983,4477,4477,4476,1897,6772,5096,5434
4730,4746,3499,4501,5478,4019,3381,5621,3233,3842
4093,4112,3601,3862,2411,4618,2751,3912,3405,4160
4347,4164,3479,3904,5522,4487,4480,6348,6905,5266
4258,4131,3457,2863,4592,5155,6027,5409,5725,4721
3848,4268,4531,3961,5712,5054,5616,3504,6333,4767
4987,5752,5527,5728,3368,5250,5933,4406,7034,5607
3715,4885,3323,4822,4739,4079,2044,7033,3951,4761
4618,4402,3772,4602,5201,6134,5192,6579,5168,6771
3921,4266,4892,4256,4256,3218,3778,2698,2887,4897
3962,4676,4057,2244,3927,3071,2229,3914,4879,2408
3576,3779,3680,4626,5604,4840,2302,3249,4078,4815
3918,4423,3681,4401,4401,4464,3421,6615,1705,5286
4740,4260,4077,3088,4354,4341,4541,5922,4523,5480
3806,3911,3609,1912,2821,5334,2869,3766,6105,6261
3872,4131,3704,4542,5094,4295,2878,4807,4063,4597
4353,3933,4077,613,2349,3870,5096,4077,4193,4967
4375,4894,3832,5116,5116,4044,3446,3833,4919,5403
4305,4830,4143,3916,4705,5503,4311,6107,6509,5573
4256,4552,4649,1657,5128,4513,4391,5060,1435,5067
3750,4333,3936,4790,3981,4122,5438,6947,5645,3800
4730,4298,3272,3577,3802,5812,6568,7079,4829,6018
4923,5222,4401,5396,5169,4821,3178,7046,4521,6070
4060,4708,3888,4290,5363,4452,2460,4142,5151,5282
4745,5320,4284,5456,5456,5390,5109,3156,3414,5756
3502,4180,3279,4401,4401,6425,3949,3650,2501,1756
4487,4311,3554,5362,5831,4764,1965,4987,6032,5181
4417,3740,3099,1518,3665,3912,5445,4695,2453,6014
3916,3957,3560,4888,3392,4343,2619,4650,4322,4424
2889,2660,2809,2453,2453,2963,4043,2893,5038,3043
3889,4360,3720,3921,3921,4562,2834,4367,5544,4657
5144,5162,5275,5824,2504,5078,3606,5924,4029,5496
5489,5478,5718,3333,2069,4720,6568,5609,4924,5707
4642,3364,4074,4522,5530,4935,4660,5970,5884,4037
4007,4308,3736,2974,2974,3858,5317,6762,4510,5464
4048,3548,3905,3740,3740,5338,6403,2921,3198,5030
3206,3044,3540,3415,1689,2915,4065,6050,5389,5160
4458,4354,3862,3424,6254,4651,4036,4426,5333,5350
5433,5312,4985,4605,4881,5076,7544,4828,3847,4830
3498,3593,3494,3098,2656,3917,3850,4982,3538,3973
4588,4019,4439,3022,3823,4342,6725,6814,3785,5689
4342,3877,3999,1763,2374,3604,4811,1630,5578,5452
4232,3826,4054,2465,3761,2860,6128,4846,6378,3003
5016,5413,4357,3788,5196,6450,6647,6506,6291,6192
3198,3881,3575,3875,3203,3543,4798,3707,2837,4328
3355,3959,3271,3613,3613,2133,4904,4412,5327,5545
3581,3399,4061,2470,3191,3653,3247,3742,3438,4442
4464,4035,3908,3134,6056,5279,5635,7543,6535,4505
4294,4579,3709,4939,6097,5114,6649,7753,4521,7601
4522,5041,4693,4563,4563,6066,4373,5930,5115,2320
4412,4340,3977,5216,5611,5135,5668,2979,5266,6246
5106,6261,6143,3491,4680,4633,6034,5462,5864,5371
4812,4194,3864,4617,2744,4386,1404,5350,4115,-3000
4096,3814,4293,3372,3539,3853,3488,4471,5634,3522
5076,5074,4168,5635,6576,5350,3766,4733,5869,6438
4073,5201,4650,5839,5839,5373,4484,6926,6193,6866
4391,5009,5197,1921,1921,6256,3590,2818,2487,4448
3706,3624,3475,4049,5912,6066,4977,5723,3886,4076
3689,4475,2822,4803,4803,2904,3876,2767,4939,2810
4108,4164,5111,2623,2508,5166,6840,6666,4317,5891
4587,4688,4693,3719,1778,3238,5557,3846,3626,4629
4416,3922,4445,4153,4859,4158,5343,5835,5482,3651
4332,4180,4469,2360,4425,4190,5129,6795,1941,5421
4302,3050,3329,3822,5474,3855,3376,3459,6285,3789
3609,4516,4092,4120,4120,3673,1769,3589,4809,3986
3134,3557,3215,4108,3999,3867,4422,6083,4713,4689
4239,4332,4223,3526,3526,3519,5803,5214,1093,3718
4607,4672,5320,3968,3968,3306,6837,5633,4655,5613
4236,4416,4582,5280,2251,4602,5674,4258,3008,4505
5018,5469,5569,2724,4535,5274,5888,5976,2199,3733
3976,3762,3206,3269,3135,2620,2607,2852,2751,3507
4531,4097,3787,3580,4905,3490,2334,4600,4299,4501
-3000,-3000,-3000,-3000,1850,-3000,834,3601,2803,2892
4645,4877,3406,4245,4245,4345,3999,5764,1425,4952
4198,3517,4182,3976,4209,4097,4063,5031,8178,4610
3512,3725,4645,3406,3020,3292,5108,4893,5256,6392
4942,3668,4111,2990,2990,6355,7094,5965,5708,5342
4211,4270,3493,4158,4158,4201,4096,5174,5388,5185
4915,5064,4240,5035,6790,5968,2756,7135,4789,4708
3877,4287,3803,4233,4233,3864,2095,4488,4866,5221
4056,4532,3540,1897,2880,4683,6141,6981,5681,5540
4750,5376,4841,4901,4880,5065,3403,5781,5007,5694
3669,4064,3509,4418,4418,4775,3778,5146,6380,5705
4718,2573,3538,3712,3712,4311,5561,4819,4792,5086
4079,3857,4019,1647,3036,3878,4801,2819,6555,4271
4122,4216,4459,3366,4720,3466,5281,4637,3704,4674
4289,3259,2681,3697,2051,3204,5362,3368,1817,4131
4153,4385,4561,4515,5179,5607,6496,6932,5480,5206
3053,4340,4196,3656,3246,3952,3051,4583,1917,3723
3341,3690,3208,3141,3567,4509,6330,6289,5946,5488
3624,4220,4190,6177,3466,3378,5471,3941,5072,4808
3604,4045,2976,3674,3674,1172,4580,1514,5401,4480
4339,4004,3786,1788,713,5027,6057,2941,1779,4224
4391,3821,3639,1447,3967,4516,3845,5829,3557,5955
4821,5585,6684,5171,2986,5021,3628,6050,3206,4887
2927,2852,2941,2164,2908,3814,5749,5632,5187,3599
4152,4929,4839,4136,7669,5319,2966,3488,6389,5711
4566,5298,4282,2963,3791,4865,4204,7075,6256,5269
3912,3556,4246,2181,5153,4776,6912,6273,6474,5418
2919,2935,3532,2946,2137,3301,3978,-3000,5432,2047
4164,4053,3380,4368,6224,4924,5927,6659,5480,6289
4779,4203,4145,4132,3382,5062,6247,5899,6361,5622
5200,3018,4772,3680,4093,4482,3741,5369,5721,5530
4855,4553,3597,5284,3801,4672,4098,5189,4809,4879
3411,2946,3319,3585,3810,3839,5872,5662,3067,4243
3190,4332,3349,2691,2790,6250,2058,6685,5110,5967
3777,3831,3636,4229,3426,4756,6369,2574,6165,4394
4425,4935,3208,4867,4867,4654,3604,6071,3636,5972
4479,4467,3598,4753,5508,4658,4910,6145,4138,4036
4312,4169,3964,4223,4223,4280,5389,3236,4441,5410
4468,3567,4309,4411,3471,4347,2136,4814,2164,2844
4354,4720,4886,1432,3319,3953,6346,4509,3958,6255
3725,4196,4297,2017,4195,4328,6472,6961,5874,6403
4441,3581,4616,4653,6429,5217,3878,3444,6825,5169
3636,3838,3061,1452,3289,3654,4420,4040,5066,4299
4274,3894,3653,4639,4639,3911,6096,4644,5992,4414
5035,5225,3645,4518,6044,5703,6360,7820,6202,6842
3824,3807,4421,2148,4972,5833,6975,5607,5610,6771
3085,3427,3572,945,1875,5383,6633,5094,6283,4636
3970,3549,3673,4077,4077,5197,986,6491,2770,6470
4594,4939,4542,5283,3084,5308,4538,3514,628,5809
3059,2899,3716,2823,2204,3197,2795,3682,4926,3536
2626,2254,3384,2213,1844,2166,4646,3820,4900,3452
3186,3070,4035,3123,3114,3043,3389,3466,2153,3594
3327,3903,2528,4513,3895,4293,2206,3683,5375,6305
4244,3935,4283,3655,6023,5130,5410,5626,4611,5623
4231,3796,3425,3121,4483,4150,3218,6707,5719,4710
4151,4008,4391,4072,2072,3651,2922,5828,4173,4321
3642,4031,4220,4170,4197,3966,6001,2877,4333,6648
4302,4429,3919,5076,3996,4785,2422,5558,3216,5824
4492,3668,3295,3740,3702,4367,1365,4200,6037,4744
4357,3787,2856,4421,4943,4699,2469,3519,5613,5552
4216,4550,3819,3224,4633,5395,4348,7206,4875,5651
4911,4458,2578,3731,4481,4589,3488,6060,4913,3656
3660,2968,4411,1799,2542,1803,994,1161,1974,3459
3715,4178,4443,2475,2475,4502,6015,2751,5319,4685
2897,3571,2874,2550,3211,4047,3288,5284,3117,4760
4740,4641,3098,4536,5562,3738,6538,5350,4803,4802
4270,4302,3453,4025,4025,5126,3082,4971,7353,6021
3992,3890,4239,3533,6168,5321,4436,6339,5744,5721
3803,4775,4977,3838,5365,4873,6515,6626,5327,5674
4282,3962,4495,3727,1287,3753,2002,2854,4424,5933
4902,5720,3842,7227,7227,4019,6055,4715,4116,5388
4419,5047,5081,4630,4630,4814,6736,8558,2918,7171
4655,5163,3406,3099,5438,5273,4715,5537,3431,6373
3561,4253,3738,3885,4266,4584,6755,4624,7152,5237
4805,4562,3735,5179,6554,5104,3595,7302,6613,6568
4532,5835,5848,3417,3417,4579,6990,5556,5038,5265
4800,4864,4799,4165,4291,5290,4625,5830,6714,4202
3820,3684,3923,1397,3237,4352,2908,4664,5280,4798
3803,3948,4093,4913,4444,3885,4221,5303,4650,4343
4282,3440,4139,1263,4910,3770,5469,6134,6758,6597
3535,4329,3499,2143,6059,4202,5006,3458,5110,5625
4854,4664,4480,4969,4421,5275,4404,6721,6211,6194
3931,4155,4772,4202,4202,4564,5586,4264,6865,5875
3673,3074,2283,1265,1613,3489,2012,4149,2055,3437
3821,4021,3153,3917,6010,4489,5146,6181,4852,5807
4672,4261,3458,1878,1751,6166,3408,2682,5231,2768
4246,4744,3192,3875,3875,4516,4751,5509,5560,4977
3885,4076,3208,4140,4140,3534,3805,5060,4681,5583
4459,3791,4162,4602,4289,4326,5071,1943,4300,4115
3972,4242,4070,3602,3980,4284,4839,6579,4925,5465
5234,5285,4337,4515,4986,5612,6470,6148,4696,3935
4672,5146,5245,5009,5009,4758,5465,5213,3870,3328
3878,3667,3665,1353,3270,4078,2292,6471,2782,3343
4185,3760,3533,4721,5956,4896,1655,6992,4739,5938
2874,3305,3899,2065,5068,4703,5788,4025,5152,3362
3616,4087,3490,1659,4187,4027,2780,2943,5321,3893
4142,4009,4072,1994,5310,3887,5403,5612,5334,4778
3595,3587,3171,1260,1272,2648,3673,4644,3572,4057
3451,3034,4017,3897,2477,3184,3513,5002,3397,4069
4404,4453,4221,3131,3131,4541,1484,5279,5179,5306
4413,4504,4414,2070,3615,4425,1698,3980,5083,6184
4433,3906,3251,3531,2038,4492,5193,5035,3955,6023
4531,4430,4787,1870,4099,5425,3602,5835,5003,5963
4045,4641,4707,1879,5613,4965,3442,6615,5818,6068
4020,4601,4710,1563,4909,4631,4834,3900,2730,3897
4530,5061,3385,4042,2794,5056,4931,5348,4860,5387
3089,3844,3765,3244,3429,3397,5027,2426,4535,4505
3919,4580,4697,3437,498,3812,4476,4468,3793,5468
2895,3065,3492,2519,3208,2258,3244,3990,2957,3717
4426,3829,4332,3075,6361,4836,6104,6364,6092,5799
3735,4324,3724,3993,3993,4442,5363,3942,5640,6403
4361,3514,4382,997,3700,5231,4084,4452,4912,5040
4650,4241,3841,5828,5927,4610,3663,5951,1159,5584
4323,5033,4648,4120,4120,4874,5503,6885,4142,5385
3916,4580,3607,4590,5562,4826,3090,3644,1315,4567
3967,4460,3675,4374,4374,4793,3531,5789,2367,5882
4155,3781,3250,2597,5380,4805,4640,6555,5555,4455
1781,2006,2423,2366,3253,2943,2111,4677,3725,2786
3508,4299,3997,2299,4243,3950,5351,5518,5015,5509
5287,5113,5222,4789,4789,5170,6254,5650,4897,6617
4551,4595,3709,4452,5523,4864,4028,5296,5494,5015
3787,3913,3853,3639,3639,4881,4703,5098,5111,4010
3893,3679,4259,4008,3500,3959,3352,6399,4831,5381
3802,4326,3039,1611,1707,3475,4434,3028,6165,4152
3695,5041,2976,4356,4356,3855,5489,5076,5699,3937
4037,3720,2942,3621,2129,6895,3428,3823,5239,4854
3166,3763,3377,3297,3297,3499,3721,3112,4345,4614
2715,3707,4150,2491,3692,3692,5217,3193,4828,4979
3873,4894,3687,4327,4327,4882,2670,6665,3788,5795
5182,4126,4060,3998,3998,3650,5422,8213,4533,5518
4831,4712,3810,5698,5698,5514,6224,5763,6839,4876
3581,3154,3567,4435,3029,5401,4300,4159,5073,6259
3736,3187,3263,3406,4069,3979,4702,4207,2215,5878
3852,4524,3364,3172,3172,3088,4904,3850,5403,4281
3763,2694,3634,2148,1385,3181,3941,3935,4885,4839
4108,3706,3344,4396,2807,3991,4630,5692,1500,4572
4213,4258,4556,4439,6569,5937,7205,6406,5849,5898
4778,4080,3882,1973,1908,4343,5589,3231,4513,4137
4604,4318,4835,4696,4696,3896,6756,4916,3962,3727
2373,3463,1983,1809,2139,1922,3293,2461,3333,3019
4717,5259,4319,5865,5775,5533,3045,6800,7250,4167
3212,3714,3880,4339,1662,3034,3499,2766,5082,5828
4082,3972,3641,2003,4705,4893,3100,6747,7343,5565
2449,3233,4176,3362,2044,2737,2616,4431,3704,4088
3829,3212,3767,3483,3473,3169,3796,3598,5407,3994
3681,4036,3638,3353,4850,3541,4817,5153,3928,4898
1634,5325,3721,5704,8052,1139,2933,3595,3304,4501
1139,1478,1660,1307,1307,956,782,1279,2157,2250
4521,4611,4301,2845,2743,4204,4981,4397,5977,5124
2842,2971,3642,3131,3462,3928,4521,5274,4882,5239
3412,3200,3033,2773,5237,3865,6023,4070,5661,5524
4244,4315,4272,2900,5271,4559,2099,2942,5089,5334
3768,3458,3815,3543,5597,4293,5133,2148,4339,5758
3575,4096,3352,4427,2550,4147,3184,6975,6002,6302
3860,3385,4087,4343,5358,5403,7143,6161,5018,6363
3848,3837,4038,5175,5765,3909,4563,5918,5957,6042
4033,3434,4388,3530,3634,4306,5201,5344,4614,5153
4139,4277,4559,2659,1161,4315,6669,4507,5601,6190
3754,4088,3562,3239,2674,4497,5145,7094,3241,5636
4421,4327,4108,4583,4583,3424,5187,6377,5402,5142
5005,4420,4213,2851,3547,4321,3924,5302,5080,4647
3485,-3000,-3000,3031,364,3532,905,4874,4972,4526
5105,5270,4312,5360,6474,4705,5185,6696,3908,5837
3798,3589,3485,5277,3741,4265,6081,3150,4123,4747
788,1799,723,369,369,1077,701,915,5717,-1221
4173,4280,4193,3146,3146,3857,5172,4543,4589,5060
3506,4156,3083,3792,3792,3898,3951,4796,5472,4813
4250,3862,4024,3581,3581,4125,4194,5522,5088,5147
4876,4685,4447,1905,5728,5408,5002,6518,4668,4746
4243,3660,3929,3482,3482,3197,3966,4539,5059,4107
4256,4143,4687,4632,7903,4332,6449,3619,5682,5718
4277,3920,3342,4389,1601,3746,1922,4961,3683,4457
2920,2332,3371,2202,3023,5174,6164,1999,5017,3285
4497,5303,4141,4109,6770,7113,6461,6676,6206,3846
4151,3815,3946,2400,2400,2291,6367,5469,4410,5907
4900,4725,4071,2140,4316,5307,6969,6539,6708,6399
5015,4903,4308,2753,4333,3185,6923,6336,4569,6354
3994,4469,3740,4132,4132,3667,4106,4088,4370,6414
4567,5420,4221,3358,5587,6832,6674,4253,6994,5950
4563,4291,3565,2125,3254,5100,3114,3934,3620,6142
4195,4602,3757,3834,3789,4106,2374,7371,4559,6101
4478,4891,4276,5168,5518,5342,5617,7158,6373,1955
4345,4330,4361,2309,3118,4781,2828,2904,3704,3390
4075,4940,4539,7118,4616,5695,3714,3449,6216,5819
4503,4697,3933,4472,4411,5292,4781,5933,6411,6761
3081,3116,3169,2585,4528,3609,4041,2889,3982,3292
5061,4595,3768,4268,4268,4989,6701,4179,5993,5755
4251,4641,4095,895,5058,6416,5757,3553,6736,5803
5089,5189,4406,3634,5037,5233,2874,4104,2917,4859
5123,5212,5137,1965,3672,4763,6549,6676,7848,6820
4268,4132,3661,3082,6358,4401,5177,6806,6037,6376
4080,4971,3971,2186,2186,3701,5888,4594,2971,6441
4972,6043,3902,3222,1504,4387,6624,4211,4295,5741
4005,4782,3225,3198,3198,4682,3071,1966,4893,5603
4704,5318,4340,5184,7294,6702,7171,5059,5773,3166
3588,4082,4283,2508,5317,5263,6667,5904,4675,6217
4669,5221,4488,1193,4874,1572,3906,3223,5874,8383
4965,4809,3879,4152,4152,5775,2736,5077,6895,3914
4218,4315,3612,4220,4220,5834,6814,5874,6304,6859
4272,5473,5177,2989,4605,6983,5437,5089,3747,7265
3778,3182,2882,1540,1380,1837,6585,4019,5342,6086
4427,4637,4739,4099,4099,4756,6025,7859,4452,5929
4390,5977,5969,1628,5010,5376,4864,3199,5827,5833
4141,5091,5146,5409,5409,6873,3267,5636,4894,6335
3107,2513,1953,1977,3275,6028,4566,3361,5513,1445
4328,5061,3508,5596,5415,1849,3865,4528,4748,4561
2841,2322,2776,2026,5343,5654,5777,4564,5973,1618
2456,3003,3284,2132,3365,4488,3455,4453,5337,3535
4320,4833,4994,1335,5207,2637,6472,2338,4952,6094
4313,4669,3640,3350,958,6569,2966,4216,8709,4551
4337,4266,3470,2785,3009,6516,2670,3901,5597,6477
5080,4794,3590,5031,5031,5282,3080,2999,5369,6275
5164,4870,3883,3033,6828,4801,5219,6721,5138,6082
3836,4522,3807,1260,3855,3952,6734,5351,1495,4641
4437,4763,4878,4462,5276,5689,4507,3095,6672,5119
4207,4466,3422,3119,5302,4225,4862,3318,6378,5534
4441,5048,3950,5694,5694,2928,6519,4147,6216,6939
4417,5040,5146,4277,7170,6044,5071,5352,4122,6154
3932,4778,4003,3951,4161,4604,6297,4583,5335,6452
4332,4774,4027,1597,4865,2987,3912,2623,5716,6572
4358,4941,3892,5103,5103,5221,5430,5584,6008,5164
3978,4136,3315,4092,3587,4618,6395,3081,4556,5008
4916,5286,4216,3566,4672,4160,5066,5527,6891,6223
3956,4782,3610,3281,5068,4919,6458,4497,2200,4806
3718,2929,3653,4045,4750,4701,6767,4828,5641,3049
4701,4982,4965,1860,689,5881,7625,6020,8307,6753
3262,2965,2854,5143,4204,5765,4316,3695,2354,6070
4376,5232,4113,3964,2393,5201,6497,2997,4576,4019
4721,3611,4903,1409,2723,5660,5381,3963,5752,6780
4385,5665,5535,1260,5111,3401,5969,2709,6027,4583
2851,5335,4166,2143,4569,4129,5575,5904,5771,4437
4631,4934,4920,2216,4856,5228,1443,4807,4872,5922
4390,4535,4055,2156,3710,4765,6556,5325,6007,6901
4103,4114,4791,1575,4612,6829,4573,3033,2417,6068
3269,3199,2909,1711,3643,5153,3647,5433,4959,4646
4206,4444,3771,5736,4582,6402,855,4901,1881,5785
2283,5479,5207,8064,8064,6863,1998,1268,4885,5035
4582,5137,4618,5902,6318,6020,7269,2851,4885,6404
4506,5284,3914,4199,3326,5402,4477,3671,4810,5469
3822,4585,4120,1627,2778,6133,4143,3096,7809,6015
4298,3950,3885,2955,2369,4255,3303,5633,5286,5998
3848,3753,3794,4198,4198,4199,5212,2909,5504,5717
4556,4293,3734,4015,4015,4880,5454,4253,5572,6831
5000,4996,4272,2177,3804,5213,5944,6914,5256,5824
3579,3105,2964,1607,1607,2935,4204,5644,4865,5273
4346,4722,3981,3178,3801,3585,6612,5971,4030,5761
2614,3180,3498,3741,2083,4866,3742,4457,4494,3705
4558,4740,4009,2451,1912,5532,4256,3596,6422,6895
3524,3428,2682,1493,1895,4242,3296,5359,5295,5947
2317,2802,2387,3024,2452,3289,2819,4892,5037,4906
4055,4074,4033,4485,4985,4329,5372,7170,2563,2841
2491,3839,3735,3133,5183,4489,4706,5958,6138,5947
3585,4291,3340,1469,4062,3111,2219,2629,5375,5951
2979,3647,3529,949,3148,3127,3562,2682,4267,5725
4054,3544,3390,2155,4874,5002,3112,7164,5980,4670
4436,5358,3960,1868,4771,5611,6418,2463,5539,6423
2842,2794,4503,2653,3848,6122,5073,6578,3462,5035
5109,6340,5798,1269,5982,7059,3216,3564,4687,5771
4073,4191,3596,3945,3077,4461,5129,4518,2024,4743
3313,3901,3292,4185,5883,4149,4982,6130,2113,3390
3540,3880,3354,4686,4686,4761,6784,3381,5453,6428
4181,4668,4399,4577,5484,5745,4567,2817,6119,6814
4643,4622,3468,4161,3713,6140,1341,6070,3717,4394
3019,2874,2886,3673,3930,4974,5542,3138,4568,4636
3634,4116,3117,5080,5080,5466,4986,2992,4477,4560
3919,4950,3883,4069,4551,5863,5762,3345,5083,4415
5281,4182,3540,3152,5334,5058,7064,5137,4021,5960
4723,4607,3842,4384,4111,5138,4573,3218,5738,5699
3516,4167,2894,2225,2321,1760,6566,3143,5506,5069
2567,2396,2358,3857,3459,5119,3933,6381,3425,3561
3060,5023,2853,3934,3934,3019,1843,6099,4712,4123
3295,3448,3455,3796,4687,4975,4045,5759,5049,6342
4729,4358,3519,5052,5052,6898,7622,4787,2063,4749
4438,5344,4502,4947,1758,4620,5991,2847,5852,4386
4208,4933,5078,5325,5346,5553,5303,5680,5369,4540
4429,5270,3764,2512,3376,3896,1712,2679,3902,4859
5014,6079,4791,2292,5791,5844,7479,2840,6809,2031
4716,6019,4796,6243,6342,4655,7837,5385,6397,2028
3841,4248,3478,4819,4819,5720,5184,6418,5228,4312
4230,5242,4720,1594,6152,4023,7052,5864,2319,5283
4518,5281,6254,2521,5422,5167,2803,6722,5896,6401
4293,3347,3256,3416,3416,3444,2390,3444,5284,4337
4483,5106,4134,4603,4895,6925,9289,4591,5587,4355
4553,5054,3803,759,4709,6483,5473,6155,5145,6181
3897,4502,4068,4058,5372,3976,8374,7361,4532,7202
4049,4524,3504,3024,5304,4619,3145,4615,4897,5917
4324,5029,4202,4530,4986,4975,6689,5125,5969,3889
3412,4442,3642,3572,3572,3579,5724,4837,3853,3653
4246,5077,3345,5705,7043,5412,1323,7825,5349,5293
2738,2592,2956,4669,3777,4472,4963,7506,5409,3447
1659,4768,1925,4560,4560,2013,1324,3236,2927,5369
4776,4491,3726,757,1504,2933,5616,5050,4156,5614
5417,5209,4052,1607,3621,6266,6014,3959,6454,6241
6350,4777,4332,5089,5089,5111,5688,6730,5904,6154
3683,3262,2859,2201,2201,3352,4790,4381,3786,5381
3677,5781,2941,4781,4337,3568,4545,5805,3009,5460
4269,4940,3970,1529,5098,6974,4917,2859,4320,6008
4903,4950,3922,2748,4011,3762,3227,6204,5390,6593
3813,4291,4984,4820,4820,4742,2115,4336,5902,6172
3520,3626,3095,3423,3037,4804,6289,7022,1814,5977
4333,4161,3538,2186,5218,4532,4455,3494,6304,4750
3597,2948,3103,1740,3252,5086,3577,5958,4421,2699
3187,3234,3001,3425,6303,5389,3512,2493,4083,5766
4066,3475,3766,1929,4608,5134,5691,5378,3969,4972
3575,4022,3491,3018,2883,4233,4954,3858,5774,7569
3767,4407,4555,2161,4416,2502,5808,5127,4519,5383
4321,4725,4062,4827,1332,3925,4837,5412,1122,6125
4560,4099,4089,5412,4586,6607,5306,3312,5030,5287
3815,2716,3300,3334,3334,5671,3277,2658,1984,5243
4198,4480,4204,4187,4187,3921,4973,3908,7715,6291
5446,5138,4232,3424,5614,6178,6106,5728,4960,5801
4289,5267,4132,4338,4338,6236,5454,4807,3980,5992
4689,4512,3809,2058,2626,4213,6001,7426,5224,6050
3734,4462,4689,1888,1804,1542,4293,5709,1675,5551
3503,4647,3627,1441,1300,5137,5012,6379,2150,6309
4251,4665,4197,5308,3837,4205,7224,1677,6448,5309
4334,5141,4386,3670,1871,6145,7038,3730,6340,4662
4782,4958,3883,941,6897,3021,2930,7336,4537,5713
3699,4517,3547,5090,3849,4076,5670,8220,5661,5975
2731,2937,3000,3898,1203,5104,5655,4501,3934,4244
3359,3350,2713,2525,2525,4067,5479,5860,5595,6458
2524,2472,2238,3658,3658,2100,4370,2344,5231,4130
4632,4936,4000,4709,4709,4693,6469,5058,5985,5768
4550,4846,3850,2116,1854,2950,7033,5328,7655,5723
4164,4209,4269,3266,3373,3647,3808,4399,4830,4583
4493,4312,3499,2142,3177,2218,544,2797,5183,5949
5058,5419,5612,6580,2667,6730,6454,6545,5606,6442
5457,5312,6135,4388,6262,5804,5131,2865,6051,4771
3514,4075,2753,1945,3267,4779,3127,4264,4487,5867
2777,3389,4008,3283,5545,3913,2040,2690,4481,4018
4067,4516,3826,3770,4615,5914,6840,6065,4484,6594
4528,5148,4275,2343,5480,5062,7019,4278,6002,6666
4466,4971,4084,1507,5722,2435,7289,6138,5409,5905
3795,4260,3658,4109,4446,3049,5862,5854,5415,5712
4393,4858,3574,3300,3300,2391,4585,4896,4395,5678
2624,3641,3557,1171,5190,5179,3747,4021,5628,4476
4159,4544,4094,4667,4667,5894,5293,5452,4462,5374
4995,4902,3408,1733,3049,2448,2942,3901,6005,2778
4242,4588,4698,1612,1651,4597,5999,6552,4421,5901
5187,5417,5423,1037,5547,2364,4948,6261,5051,6156
3851,4066,3284,3798,3798,4944,7500,5140,7252,5653
2443,2701,2609,2484,3602,4300,4964,6638,5324,5775
3456,4002,3246,2360,3803,4530,4060,3007,1222,5343
4867,4928,4011,4459,4920,6436,6205,4918,6141,2603
3627,4564,4962,1073,5455,4667,3367,2778,5970,6134
2844,4242,3441,3889,3181,4480,6477,6640,4892,5267
5493,5816,4426,5007,5007,5039,6917,3438,3888,5584
3851,4213,3421,4679,2450,5930,6058,6546,7161,5616
5304,5400,4800,2462,1175,4811,1578,7922,2183,6240
4290,4186,3708,3630,1796,4500,4985,5530,4344,5968
3322,3825,3256,4160,4068,5545,6468,5218,5310,6428
2886,3120,3469,3677,4761,4313,3846,2519,4186,4012
4283,4705,3482,6399,1747,4746,6476,2406,6404,6872
1494,4090,5401,1278,1957,5329,1942,1994,4686,4373
4391,4521,4807,2510,4134,3416,3847,4003,2297,4209
3391,4349,4663,2819,3388,6021,5884,4807,5264,5001
3672,4023,3570,2898,2898,2185,2833,6818,2428,5290
4280,4397,3513,1824,5166,5167,5673,4682,4177,3441
4036,4654,4167,4949,4949,5704,7109,7803,7631,3591
4350,4728,3872,3679,3679,4611,6896,3854,3225,5151
4736,4112,3800,4560,4624,4456,6447,6395,6701,6104
3216,3688,4245,1617,1544,2911,3870,3971,2938,5576
4537,5383,5153,2993,5121,2708,2040,2552,5885,4037
4199,4991,4152,5001,4991,5173,6593,7149,3557,6480
5591,4983,4310,5069,4337,5485,6311,4578,4811,4508
5031,5934,4187,3263,2179,4873,5965,4643,5617,4639
3622,3775,3700,2121,2780,4887,3245,3023,5262,6263
3824,4185,4100,3895,3580,4049,5784,5016,4523,5596
3955,5070,4429,4083,3550,5817,5406,1617,2481,5022
4545,4271,3975,2697,6610,6000,5319,3940,7316,4596
4811,5090,5482,5103,4333,5233,9198,7304,3482,6759
3612,4029,3009,1593,3226,4715,2512,3968,3402,4967
4395,5198,5491,2286,4920,5289,2874,7401,5512,3587
3735,4402,3165,2922,5780,5910,3274,5786,5682,1769
3687,4405,3657,2557,1321,2665,2370,4911,2877,5686
3928,4837,4541,3075,4364,2847,6608,5903,6431,5532
4344,5179,4409,6887,6587,6565,3486,3549,5844,4119
3624,4648,4837,2276,3791,3943,6858,4287,2620,5494
3309,4659,3706,4410,4410,4131,3541,3025,1884,4386
3749,4611,3489,5380,3451,4450,3183,6553,1978,5893
4823,4440,3804,2116,2888,4221,2823,2992,6301,7784
4008,4080,4372,3205,2762,4369,5537,7405,7128,4384
3562,4302,3127,1254,4676,2982,2750,8157,5597,3009
3540,4183,3574,1361,4794,6384,2813,7483,5695,4844
4304,4591,3502,3423,4419,3787,6625,4564,3332,6767
3191,3714,3573,2801,3964,3360,1900,3928,3161,2976
3403,3775,3283,3650,4072,4928,5868,3850,4596,2495
4436,4950,5408,2048,4572,5278,5078,2446,6820,5736
4301,4742,4329,3183,5052,6391,5503,2690,6248,3679
3566,4239,3460,5493,3761,4689,6700,6588,5543,5857
3813,3461,4532,1673,3692,2822,1291,3424,4647,4404
4039,4832,3410,4003,3405,5512,6532,5801,5251,4689
5644,5210,3783,5088,5088,4787,6367,5863,6922,6258
3289,3288,3783,2910,4247,4915,4210,1083,4735,3717
4632,4667,5033,5305,4943,5391,2020,3254,5858,5532
3861,3507,3627,3524,3270,2475,5123,3510,3461,4390
3342,4599,4579,2924,1813,2528,3123,5854,5357,5784
4069,3432,2858,3725,3725,1145,3181,3012,4635,4076
3622,4225,4031,4014,4014,4029,5940,4775,4753,5435
3929,4108,3321,4347,2966,4974,4874,6273,3884,4997
4627,4917,4791,2025,4944,3374,6647,6703,5644,5928
3168,4412,4020,3394,3394,2332,3415,5270,4532,4915
4376,5129,4386,728,5691,5686,4606,5878,1794,5897
3287,2563,2453,1906,3047,6137,3251,3068,4806,4913
3860,4383,3938,4001,4001,3474,5282,4688,4985,6126
3701,4021,3385,2621,2621,4958,6846,2329,4100,6364
1716,1553,2439,1498,3649,4905,4244,3299,1787,4071
4344,5068,5062,1970,5160,4858,5278,2829,6713,5697
3410,3575,3045,917,2711,4702,5443,4476,6126,4550
2890,2765,3614,1560,3468,3401,3067,2151,2866,2814
3844,4529,4793,2332,1177,6046,1640,6913,3070,3360
4208,4672,4152,3959,3547,4247,6336,7390,5659,6854
4474,4907,3721,4547,3755,5874,3212,3720,2415,6891
3691,4789,4244,1361,1868,4298,4589,4988,4862,3547
3960,4767,4695,1036,4192,3216,2554,4624,5435,1793
3651,4206,4864,4284,4284,2876,2576,5620,2875,6554
4106,4154,3218,3393,3843,4937,2037,6393,4337,7212
2364,4074,2888,2208,3068,3756,3785,5257,6167,3865
3782,3445,3264,3419,5323,5362,3539,1200,3790,5969
3509,3180,3158,2650,1279,3813,3536,5930,1676,5164
3427,5683,3857,1903,4373,4444,4191,3907,2335,4304
4217,5255,4969,2989,3391,6070,3073,1738,2946,5593
3805,5266,4160,359,1043,2334,4493,8050,5091,6581
4648,3626,3493,3426,3250,5945,4854,6744,3608,6247
3314,3276,3759,1670,3958,1536,3644,2977,5141,5544
3653,2475,4363,3704,6824,4859,5319,7672,5631,5365
4647,4039,3453,2635,2635,4525,6383,5875,2580,5917
4593,4583,4457,4441,5952,4823,3209,2152,6488,2717
4237,3729,3347,1573,1595,3755,6628,5081,4897,6496
5206,5419,4080,1570,4779,5309,6489,5061,5324,5801
3312,3557,3120,2898,2627,4588,964,4209,4358,4956
4259,4312,3490,1873,1873,5021,1311,5149,5087,5157
4296,3908,4959,1792,1982,4778,3957,6484,1404,5342
3907,4028,2620,3346,3513,5945,6544,6310,5438,3377
2970,3676,3553,2450,3352,2380,2574,1297,2608,2269
3589,4652,4700,1858,4132,2149,3268,2641,5473,4591
4467,5482,5705,3196,2981,1970,4203,6105,5337,5658
3176,5047,1903,3549,4628,4002,3210,1932,4459,4080
2459,2124,2932,2469,2469,2514,2032,2038,709,645
5697,5379,3712,1656,6614,4963,6381,4490,6353,2400
4655,4024,3945,4462,4250,5001,5309,5586,3240,6091
4730,3841,3233,2760,5248,5620,1759,6677,4856,5333
3508,4083,4375,3344,3427,5048,4384,6813,6964,6391
3346,3677,3812,1420,3203,3984,2959,4282,5174,5364
4499,4920,3959,2494,2494,5058,2773,6508,4466,6397
2632,2791,3159,3943,2276,1611,3635,3478,965,2799
3972,4424,4244,1983,2487,4125,942,3657,3141,3121
4120,4522,2970,3169,3169,3512,4982,5450,3404,4425
2673,2658,2787,1854,3459,3143,2960,2729,4902,4221
4051,2921,3917,5096,5096,4494,5093,2674,4814,5446
5257,5188,4221,5025,5025,5203,6862,1926,6086,7300
3632,3569,3215,2523,4117,4415,6431,5690,2454,6937
5386,5376,3987,3052,6166,3580,3152,6822,4024,6180
3651,4228,3518,3832,2671,6154,3758,5943,5398,4886
3689,3816,3500,1344,3530,4960,4806,6432,2536,5383
4147,4409,4540,543,3832,5733,3425,5190,3485,6291
4786,5551,4417,2906,7078,6766,3233,3296,3961,4773
4218,4720,3789,3178,3502,4901,4189,7673,5560,3598
3258,4760,3904,4973,4973,4709,3625,4384,4089,4146
2329,2114,2010,2531,2499,4397,2007,4479,4790,1715
4506,5173,4057,5235,4010,5287,6956,7303,1476,7024
4225,4582,4009,2258,1442,6368,5638,4314,3434,6722
4182,4617,3660,6192,3673,4806,1268,6451,2336,5853
4230,5142,5130,1380,2859,5067,5379,2775,5412,2827
4177,4056,3996,2445,4547,4993,6947,3222,5953,5662
3847,4491,3850,1706,1706,6230,2753,5976,2432,6459
2080,2753,1910,3696,3696,1593,2534,2448,3987,2969
4328,4763,3741,4154,4154,3008,7172,5157,5471,6212
3641,3988,3636,4376,3828,3805,1657,6460,4703,6045
4613,4878,5216,5176,4624,993,3880,6535,5831,6484
3429,3964,4216,749,3979,4336,1120,1565,4955,4274
5055,5348,4562,2152,4787,4379,6413,3216,6782,5379
3819,4157,3201,2511,5704,5482,4230,4499,631,5534
3882,4495,3692,3094,5351,4418,1219,6241,6669,3432
4742,5141,5470,2188,2360,3346,2237,5667,5928,4894
4062,4256,3577,1029,4206,4160,2743,6072,4248,6030
4440,4123,4079,4435,4435,4889,5948,5852,5077,3736
4288,4556,4121,2990,5182,5435,6705,6168,6223,4924
5276,5402,4266,3272,3272,5873,3112,3836,2000,4577
4240,4535,3902,4438,4438,5805,7262,6066,3639,6360
3306,3847,4735,3886,1775,3536,4584,5752,4115,3418
4305,4631,4085,3014,3679,5948,3481,5791,4041,5044
4439,4896,4931,6355,1775,2150,3059,1493,924,5530
4366,4652,4126,4374,4374,1428,4035,1236,2768,4836
2405,4060,3633,1478,1478,1725,3429,1011,5401,4560
3469,3709,4507,1479,2250,3361,4698,2370,3181,3748
4231,4942,4668,1784,1784,1434,5991,3174,1172,4076
4042,3868,1744,4391,4149,4826,4621,5159,4911,4872
4230,4036,3864,1926,4447,3742,3175,4575,5736,3680
3721,3537,3677,1557,4026,5560,3610,3957,5138,5853
4529,4663,5022,3265,3973,6171,3824,7123,5388,2535
3099,3293,3308,1814,1521,2515,5924,3681,5154,5888
2875,2634,3997,5214,5693,5019,5067,5002,6039,4572
4912,4828,3630,4079,4420,5692,4634,4802,8251,5996
3481,4437,4450,3291,3704,2642,2490,3164,6742,4668
4393,4444,3705,4693,5920,4275,4376,6855,6364,3729
3302,4259,3329,2988,4202,4593,2884,5729,5392,6098
3041,4322,3332,3639,3606,4584,4213,4412,2053,1697
2388,2367,2954,4833,4129,5920,3744,3743,3056,3098
4070,3045,4126,5024,5024,5106,4687,5361,2255,4506
4447,5148,5162,3764,4876,5235,5561,5661,5481,4961
3523,4603,4447,1592,5297,4398,4825,5629,4744,4539
4693,5245,5352,4926,2636,6045,2928,4681,5633,6483
3852,3211,3271,1650,3137,2998,3768,1937,5080,4960
3675,4085,3339,4283,3278,3669,5028,4156,4089,4304
3836,3023,2691,2200,2913,5114,3591,5632,3651,5227
4386,4092,3291,1174,2896,5281,5907,4020,5838,3740
4130,4897,4695,3740,3059,5468,4399,1789,2459,5764
3776,4278,3595,1553,2878,4844,6827,5700,4405,6569
3232,3090,3236,2927,4012,4511,2625,969,6006,6367
4360,4701,4102,4253,4253,4615,7111,6948,7571,8319
4768,4815,5284,2766,5162,6710,6452,4730,2157,5857
5207,5393,5185,3323,1987,3473,6901,2112,6265,6524
3444,3522,3457,3456,3456,6357,4086,5955,4017,5506
4232,5281,4059,7383,7383,4882,3187,7274,4389,5559
4437,4072,2353,2174,4142,6917,6612,6217,2707,4857
4070,4260,4411,1231,2111,4608,3991,3049,5228,5886
4034,4353,3541,5033,3052,5509,3692,5410,5139,5902
4453,4070,4419,1240,3377,2358,5435,6000,6046,6699
4775,4392,5348,3288,3288,3090,3253,5195,2796,3376
3988,4013,4550,1294,1312,4098,3104,3370,5266,3281
4464,4932,3733,3790,3790,4683,1678,4832,4391,5192
3462,3128,3344,2213,2675,6041,3862,3563,4109,4631
4206,4698,4045,6668,6668,5242,8056,7169,6706,6072
3669,4215,3970,1861,4394,3498,4262,5746,6141,4699
5734,5354,4492,5794,5794,5616,6591,3198,5954,4459
2969,3902,4908,6817,2903,5006,3446,3589,6400,4295
4931,5039,3942,4747,4747,6060,4293,4565,2550,2236
3004,3535,3549,3161,2527,3660,2473,4689,4684,5418
3735,4193,4465,4234,655,5029,6504,4883,3131,2966
3259,3708,3172,2728,2202,4699,3986,5717,3374,5798
3203,4029,3295,1922,2822,3685,4702,4804,3365,3210
3605,3583,3714,2090,2585,1760,2577,5087,3902,5202
4599,4793,3685,3439,6304,4471,6684,6841,4710,4112
3573,3340,3655,2851,4028,4039,5373,5468,3655,4284
4645,4288,3795,857,5067,4390,4631,3338,5379,4879
4625,5074,4135,4311,3833,4780,6192,5931,3504,6034
2596,3670,4089,4550,4550,2988,837,1478,1785,4452
2345,2427,2565,696,3101,3822,2200,4047,4065,3736
2518,3649,2184,4249,3849,4791,5655,5944,3708,5124
3997,3906,4060,1491,581,3044,2010,2241,3995,5884
4115,4715,3728,4724,4220,4356,5657,7666,6318,3420
3919,3870,3397,4320,3427,4793,4516,7031,3745,6408
3899,4206,4540,2426,3604,5599,5929,5379,5227,5701
4788,5556,3987,1734,2911,5358,3181,3676,5824,6034
4666,5258,3746,3099,4985,6162,4728,4926,4796,5523
4033,3617,3642,2092,4316,5168,5986,5089,5280,4850
4893,4596,3744,4589,4589,4901,2804,6830,5898,6575
4404,4333,4335,1396,4467,4720,2577,6563,6678,6267
3679,4185,4362,3945,3945,5862,5859,5951,4459,5356
4523,4285,3373,1502,3255,3210,4084,4317,2312,5021
4406,4950,1989,3902,5658,5413,5536,6256,4189,5962
2093,1875,1839,3293,2574,4047,4342,5077,1090,4155
2752,2485,3411,4913,3874,5425,4196,5336,3955,4821
-3000,4793,4594,3410,3410,-3000,4535,575,4492,4654
3170,5000,3717,3789,4789,2547,5530,967,4964,7905
3229,3825,3018,3333,3202,4533,5049,4404,4077,4623
3884,3522,3012,2327,2178,4804,6482,4304,5166,6166
3075,3006,4360,2474,3204,3430,3012,2901,3258,3697
3370,4348,3805,1321,1190,3271,1388,4817,3269,3927
2830,2971,3882,1355,2364,2608,1635,4740,2303,4292
4671,4789,4837,4329,1971,3900,4795,5521,3744,5467
3214,4115,2557,6273,6273,4661,4823,5962,5545,5507
4571,5066,3950,3627,4993,4907,7618,6386,6412,5847
3944,4208,3709,4964,6250,4778,5014,2623,2226,5313
4537,3350,3759,2336,2336,2477,5631,5167,3115,4586
4242,4864,3606,2693,3990,5576,6185,4354,5936,6000
4222,3437,3628,5359,4484,5568,4468,6680,3081,5443
4648,4508,4308,2292,2305,2110,3159,3365,2059,3947
1343,1635,1755,3353,5132,5474,4291,4116,4929,5258
3997,4632,3431,5416,5416,5014,2879,7189,6942,6310
4084,4132,3486,2793,3443,5879,4927,2154,6854,4087
4122,5210,4150,5264,4186,4771,6923,2174,3546,5974
3714,4316,3701,4148,4148,4739,5135,6767,5389,6566
4947,5283,4239,2302,1416,5277,2239,5267,1443,6943
3786,4013,3483,3106,3510,4137,4854,5721,3905,2899
4007,3948,3601,1911,1911,3548,4882,6070,6434,5500
4283,4770,4980,5062,5730,6304,6411,2805,6082,6329
2517,2644,2202,2263,3767,2121,4947,5932,4436,1817
3235,3575,3043,2956,2956,2819,4522,6157,6268,5902
4148,4891,3863,4500,1847,3251,3685,7474,3075,6090
4136,4136,4908,871,4717,3194,1174,6304,5574,4659
5047,5568,4104,2568,4108,5496,6669,2505,3760,7483
4862,5209,3997,4766,4766,5267,2195,4633,3008,5636
4853,5106,3484,1910,4881,4445,2287,5273,3226,4204
4646,4946,4128,4820,4679,5137,4263,7025,6034,4072
3313,3796,3141,1625,3139,3626,4420,5675,5506,4656
3719,4365,3300,1401,5123,4937,6051,6760,5833,6492
2435,2860,2251,1924,1844,2649,4473,3142,5381,4995
3846,4621,4992,882,2662,5714,5006,1966,1776,4357
5003,5058,3999,5366,5369,5647,6040,3173,4206,2879
4163,4685,4327,3806,2042,4563,3639,3334,2261,8438
3956,3212,3033,3381,4574,5700,3209,6234,6452,6338
3722,4530,3467,4658,4659,4764,3698,5085,4587,5740
3136,3624,4112,701,3573,5177,3085,2201,4780,3897
4553,5895,5883,1650,1175,1996,2393,3776,6262,7434
4182,5143,3539,2975,5758,4968,8029,5701,5666,6239
3860,4581,3539,3760,4975,4404,7434,6612,4857,5533
5222,5153,4236,5573,5573,5423,6229,4396,6863,3897
3959,4717,4788,3704,3704,5891,2625,6417,6243,6485
5085,5682,4392,5130,5130,4920,6456,3584,5131,4649
3385,3315,3977,3831,4771,4131,4005,3494,5627,5490
2781,3450,2728,3023,3466,1937,5979,2546,7722,5195
3735,4069,3739,2153,1786,4827,7876,7128,5436,5773
3723,4258,4607,784,1045,5055,4702,5554,2893,4924
3766,4240,3591,2798,3796,4028,2639,5609,5060,6676
4037,4677,5159,3123,3669,3401,2869,4492,6010,4527
4917,5973,5545,2841,3726,1064,4476,4900,1327,6336
4599,4745,3658,3212,3801,5215,6517,5831,5851,3567
3839,3339,3461,1718,1331,5303,3923,3547,5337,4593
3701,3404,3510,3006,4310,2921,5101,3603,4757,6697
4193,4354,3455,1891,5498,5261,4406,8129,7108,4857
3133,4117,3840,1592,5263,6533,5052,5448,4982,3790
3877,4427,4068,1491,2265,3971,5842,7078,5599,6490
4424,4991,3604,5979,5979,5961,7131,1938,2967,4274
5447,4585,3740,2425,3950,5800,6498,6292,4560,6027
4739,4293,5320,3822,2030,6462,7287,3302,2504,6221
4133,4116,4836,476,3926,4427,983,2523,4782,5961
3734,4388,2727,4912,4614,5942,5622,4794,6052,4469
4465,5287,5177,2192,4225,4837,6808,6390,4671,2257
4563,3828,4169,2528,3076,5959,4263,5396,5734,3507
4635,5479,4428,3049,3049,6900,3828,7294,5324,5594
4401,4669,4408,5375,3656,5468,6174,3588,6144,4160
4266,4326,4351,2665,4797,4401,4615,1891,4342,4947
4775,4939,4467,3931,3718,6739,3783,4414,5881,6453
3336,4061,3071,2777,3458,3618,5203,4280,3710,4211
4011,4667,5152,4233,4594,4251,6515,5440,6609,5680
4497,4144,3604,5065,5369,4915,3753,4716,3406,6603
3883,3565,3833,3461,7080,4741,4217,5729,6247,5886
2986,4539,3971,1279,1614,4504,3978,3692,5144,3571
2572,2089,1901,3353,1579,2222,4073,5905,8039,9234
4455,4113,4783,2674,4625,4758,5079,5366,7056,3833
4625,6050,5075,2177,7145,2716,1236,2174,5212,4004
2124,2066,2811,1732,5060,1683,2171,6450,6736,9246
4897,5051,3898,4400,2418,4045,4165,4999,4983,4506
4338,4179,3874,5578,3764,6678,5247,1703,4311,5949
3932,5258,3859,3953,5011,3824,5357,5183,3396,3748
3794,3376,3054,3940,2435,3969,5323,5705,6711,6258
3711,4279,3438,2409,2704,3553,4597,2528,3389,5452
3717,4549,4566,537,4515,6017,608,6961,5033,5743
4178,4102,4544,1903,3956,5175,4327,1046,5374,1555
2838,3059,2937,3330,4987,4399,5231,2781,5823,4606
4256,3701,2898,3474,3474,3785,4338,7812,2670,6094
3319,3339,4322,1170,4175,3107,5107,3430,4934,3477
4016,3210,3623,1734,2648,5625,3889,5125,5905,4435
1693,2049,1885,4298,3479,5209,4960,3651,4961,2235
3711,4241,4360,2766,5947,6198,4439,2305,2260,4822
5260,5378,4070,4297,2038,5023,5791,6550,5308,4983
3333,3761,3478,2779,2385,2121,5618,2792,5797,6864
3475,3570,3208,3308,3308,3585,2017,5626,5572,5482
4384,4691,3344,2959,4176,5518,3318,2840,5508,4061
2889,3492,2744,3339,3721,4419,5227,3156,3661,5541
3792,5140,3791,1814,1411,4905,4391,6318,5123,5856
4736,5485,5443,3741,2955,3859,4041,5205,3724,5691
3589,3601,3164,1800,3233,2994,4363,5226,3236,5287
2586,2465,3196,3858,3847,5325,3010,2307,3464,3557
2646,2385,2441,1821,2970,4828,3931,2326,1650,2908
2747,2768,3424,5845,5845,6205,6263,6508,4117,4088
4745,4844,5108,5105,4710,6918,5407,3907,5661,5342
4685,4361,4924,4605,4605,4877,4064,4189,6146,4521
3858,4973,3169,5914,5732,6384,4046,6009,5778,5909
2447,2699,3240,4682,4287,4972,2851,3400,5497,5447
3351,4344,1696,2344,7234,2614,5800,3669,3252,4608
4498,4369,4726,1647,4068,5430,1120,6219,5717,5729
3038,4138,4509,4174,2310,2610,5483,4485,5161,4167
3303,3331,3128,3631,1382,2359,994,2374,4632,3998
3321,4663,4162,4384,4620,1050,4096,3530,6335,3989
3444,2750,2467,2269,2582,2637,1156,4291,3483,3660
3568,3510,2847,1932,2395,4310,4129,4453,1653,4974
2968,3578,2807,1903,3594,4794,4479,3498,5647,5547
4117,5719,4276,3262,5482,6186,5290,5499,2527,4922
3884,2744,2597,1566,3297,2961,3522,3652,3867,3357
4412,3996,4563,1988,4337,3717,5484,3728,1901,3643
4201,4101,3745,4584,2123,6170,5195,5297,7683,1514
1827,1953,2971,2098,2098,4138,3337,4551,3498,2570
3822,3385,4798,3013,2118,6256,4962,5502,6503,7444
4317,5031,3669,2133,1616,2825,4210,4117,7258,5959
5458,4956,4112,5021,5391,5786,4222,6244,3866,6190
3956,4099,4106,3001,4068,5311,5692,2425,5484,4340
4708,4828,4080,1815,2097,4747,6685,7445,3996,5543
3951,4365,4087,3762,5270,6436,6730,6405,6115,3506
3331,3789,4403,4063,3145,5161,4799,3610,5170,4630
5114,4837,3975,4747,3961,5398,6438,3792,6269,7035
2129,3064,3620,3277,3277,3821,2441,5139,1655,3568
4291,5545,4184,4308,3597,5390,6548,4965,8203,7045
4709,4734,3596,4059,4059,5392,6536,7183,5065,6478
5616,6012,4894,6409,5211,4350,6290,2283,3879,6817
4205,4210,3490,2655,3615,3742,3937,4869,2768,6350
3925,3936,3681,2372,5115,4515,6441,5662,4962,5640
5045,5122,4921,2392,5425,4879,6616,3058,2095,2514
3677,3849,3594,1909,3479,3420,2633,6102,2759,3999
3271,2765,3185,2720,5800,1880,5151,6316,2926,2743
4718,5414,4387,4255,4255,3906,6601,4855,4561,6461
3595,3762,3234,4591,4591,4755,4417,2316,6127,3580
4441,4137,3435,3822,3403,2527,6845,3291,5475,6459
4262,4935,4490,5377,2264,5904,6800,1684,3846,4993
3740,3573,2934,3185,3536,3383,2526,3739,4192,4834
3721,4090,3516,3137,5371,5400,6075,5486,5629,5779
5023,4470,3996,4019,4019,2427,5364,3439,5586,1795
2778,3516,3523,3815,2070,5433,3761,3677,3834,5855
3109,3736,2895,2137,4751,4123,2433,5317,5076,5251
4282,5170,4207,3575,3893,6442,3172,6589,3140,4485
4965,4761,3954,2616,4512,4961,5510,4160,3885,6573
3335,4621,5584,3687,3687,4937,2631,5694,6344,5974
5174,5388,5099,4820,4820,5033,3537,4930,5119,5721
3057,3625,3068,2034,4067,3816,3521,5860,1695,5803
4705,4905,4279,2656,4736,6433,2669,6941,4324,6540
5213,5054,4125,1658,3177,3950,3044,5329,2981,5702
4364,4487,4889,3768,6533,2966,2432,3045,5457,5969
3533,4045,4552,3863,5289,3394,2920,6255,4158,5388
5089,5595,3930,1740,5458,3420,6107,6029,5711,6869
4139,4741,4800,3127,2173,2301,2382,5936,5595,5100
4930,4761,4750,4147,3100,4371,4265,1823,4149,4757
3247,2001,2974,2350,2737,4577,4244,5201,7113,2928
4167,4069,6229,4128,4128,5785,4474,3804,4973,6216
4783,4756,3982,4791,5131,5174,2453,6914,2459,2823
5492,5192,5181,3746,3746,5102,2499,3414,2665,6509
4503,4830,3909,4183,1590,5225,3743,6624,4905,3299
2715,3138,2963,5378,3036,3579,5046,4435,3468,5464
4314,5327,5488,1747,4862,4672,4952,4286,5428,4444
4527,5206,4267,3695,3695,6656,6670,6949,5782,3350
3582,4149,3627,3631,5854,5242,4149,7088,5491,5250
3967,4460,3675,4374,4374,4793,3531,5789,2367,5882
4593,5385,4223,2354,6488,5874,4587,5262,6033,7222
4481,4466,3512,4300,3353,4682,4624,3145,5465,6223
4465,5096,3467,3992,4441,4988,2646,2975,4945,5946
3414,4082,3369,3278,4157,4458,4005,6035,5728,5218
4439,4076,4893,2604,1294,4272,3798,4246,4969,5499
3764,4780,4622,3736,3736,1923,5371,4238,2439,7494
4437,5337,3576,3920,5360,4827,6789,6671,5076,6465
4921,4922,3920,1956,5161,5623,2957,6208,6535,4963
3364,3620,3855,1704,2289,4973,2448,5833,6527,5521
2199,2287,1470,1789,1789,2857,2201,2825,5797,3993
2475,2252,1987,1595,1737,2777,3735,1720,4425,5668
4206,4865,4613,971,2937,3999,1478,4394,2425,5001
3837,4080,4162,5152,4522,5591,3166,5280,3360,3700
1449,1699,1570,1907,1907,1730,6535,1779,2035,2623
4464,4565,4516,1506,2520,4414,6584,7199,5553,6188
3768,3077,2916,2795,3383,1188,2215,3200,1148,4928
2460,4186,2026,4465,2184,3393,1227,4529,3967,3637
3525,4659,3639,3853,4538,3107,5058,6006,4779,3856
2596,2843,2499,1015,3777,5002,5893,4456,3441,2832
4592,4651,5166,3848,4237,4161,4211,5568,6357,5984
2725,3251,2484,2269,2269,3233,5960,4252,5347,3692
4041,5115,5229,3133,4553,5550,2474,3434,5766,3466
3297,3154,4243,1454,1289,2415,2449,3602,5502,4266
4308,3968,5391,4816,4644,2705,6579,5807,5265,4801
1936,1576,2262,5731,5731,5662,4017,4181,5725,3651
3507,4183,3355,4988,3907,5259,1730,1271,5822,3981
3914,3801,3321,3924,5126,5293,4659,2709,5175,6902
3815,4951,5131,6146,4827,6111,4608,6809,6404,2744
3433,3906,4726,3633,4725,2284,2260,1745,4025,3329
3768,4063,4490,2063,2570,4296,6526,3679,8242,5542
1255,1024,3012,2475,2475,2592,1649,1859,735,2768
3323,3592,3631,693,3581,3432,5120,1812,6464,5375
4987,4540,3645,4196,5615,4352,5581,5816,6392,7084
4216,3427,3551,2631,4855,6768,4143,6810,5647,6332
4188,4870,3993,4903,2968,5162,6484,1931,5068,4056
3197,4225,4435,2200,3713,4249,2100,3194,5477,4980
4403,5340,4160,4492,4501,5563,3524,7121,6187,8362
3861,4979,5146,1950,3898,5309,4224,3684,6330,6553
6811,5221,2209,5323,2419,5227,2228,6082,5326,4864
2692,3228,3180,2417,4470,1450,2336,1847,3219,5464
1250,1228,1982,2079,3524,3615,4148,5291,4111,6233
4036,4435,3142,4232,4232,3748,6109,4507,3755,6128
4032,3575,2808,2865,4567,5131,7053,4640,5146,8180
2932,3327,2940,2979,2979,3352,6217,5754,5010,6058
4417,4386,3660,1801,3118,4397,4347,6453,5551,6608
3478,4093,4157,1131,4000,4738,6426,8391,5028,6578
4513,2839,4795,3649,2591,3107,4443,5451,5646,5883
3929,4011,3332,3698,3812,3798,6248,6600,4209,7088
3812,4350,4524,3024,3024,4482,6525,4229,7642,4322
1401,2378,2603,1523,2280,1612,3183,4168,3446,2514
3029,3720,4091,2734,3515,4745,2281,2565,4166,4110
3454,4034,3809,632,4977,4004,6299,3552,4809,5321
4489,4198,4081,5345,5218,6132,7820,2871,6125,5506
3750,3574,3122,2998,2998,4265,2476,4328,6499,5612
3951,3968,4687,1548,3257,3612,4217,5789,1974,4693
4464,4620,3691,4536,4536,5657,6634,3669,5565,6081
3981,4637,5508,2048,3911,6037,4778,6292,5684,5442
3863,4725,2658,3804,4080,4095,3570,5849,4738,5696
4468,3771,3690,3325,4175,5796,4900,2919,5140,2995
4964,4627,3966,2940,1911,6428,4670,4860,5889,6230
4791,5464,4336,4901,5248,6510,1866,4074,6645,6416
4441,4700,3978,2309,7392,5306,7368,6018,5921,5457
3498,3626,3162,4083,2521,4765,4325,4176,3531,5543
2592,2922,2223,808,3722,4551,3147,5522,5905,4712
1953,2268,3695,2549,2549,3267,1656,5614,4267,3954
4603,4356,3550,4055,4055,4483,6537,3996,7707,2974
3560,4672,3068,2087,5860,4640,3585,2997,3202,3733
3941,4523,1825,2659,1712,3147,3851,1657,2703,3464
4288,4787,3600,1147,4680,2738,4736,4909,5129,5590
4462,4398,3767,2591,4358,6050,4769,4133,6945,4794
4690,4537,3967,3128,3128,2684,6966,7810,7716,4793
2863,3906,2682,3201,3140,3789,4019,3763,3198,4553
2396,3305,3750,2592,1888,4347,1961,1704,1425,2357
4099,4150,4526,4383,2803,3795,5682,4543,5540,5251
2842,2904,2599,5055,5055,5153,6313,5240,5854,3218
3938,2094,3644,757,4512,4773,2104,3400,6505,5282
3844,4302,4949,5963,4944,5658,3790,4806,6828,6767
4275,5140,3844,1448,3353,4646,3079,2445,2128,4427
3961,4662,4610,4094,4536,2873,2602,6196,1527,5065
4349,5259,4202,4368,4443,3387,6319,7072,5312,5556
1455,1808,1404,4026,4491,2963,5004,5671,8697,7944
4503,3904,3870,3407,2157,6094,4159,4327,7331,6482
4330,4252,3609,4294,1688,6417,5769,6248,5880,5863
3800,4111,4532,2081,4722,4173,5637,6663,6037,5438
5115,5831,4825,4603,5122,5751,4154,8249,6134,6436
3828,4032,3369,3807,3807,3337,5006,5049,4400,5175
4538,4769,5152,2484,4961,3882,5800,4757,5966,4205
5232,4282,3972,5270,3680,4584,5447,3670,4948,5133
3347,3883,3868,3308,3751,3332,3934,5103,2896,6234
5709,5507,3863,5362,5362,4700,4551,5185,7029,5465
4182,4540,2906,1464,3981,4103,4532,5919,5209,5088
2760,2954,2290,3088,1655,2850,3277,4676,4433,2320
4166,5197,3131,2160,3811,4103,4246,3463,6945,4974
4055,4600,4305,4655,5773,5164,3968,6433,6397,5978
4903,5427,3892,1577,2747,7058,5670,7280,2489,6784
4061,4267,4908,3244,3244,960,4668,6402,5019,5972
4675,5656,4388,8767,8767,4513,7364,1658,6522,2077
3828,4538,3701,2911,2757,5599,6300,1527,6409,1946
4747,4355,5162,4187,4398,5843,4948,2502,4087,5127
1998,2038,1905,1117,2474,5328,1897,5593,5153,4399
4715,4221,3823,2561,4080,5129,3820,6958,3775,5714
4054,4440,4355,2120,5695,3711,2039,5702,1124,4947
3523,3989,3523,1338,5756,5228,5523,6324,5391,6218
3189,3761,3787,2118,3706,3024,3286,5844,4510,5058
4100,4451,3468,4059,4059,4093,1988,6575,5458,3252
4645,4469,3244,1424,4100,3352,1500,1609,1865,4101
4644,4283,3888,4650,4934,5528,5333,8036,5889,7280
3987,3767,3532,3839,5464,5987,4309,1990,6837,4691
3681,4000,4070,1880,1858,4381,1678,1758,5025,4979
4264,4172,4361,4284,3884,3668,1484,3374,6904,5575
4275,5189,4419,5045,6242,6514,7000,7808,4131,6766
5871,4613,3462,3126,2108,6071,5925,5193,5111,5682
4378,5033,3812,3218,4351,5790,6453,2176,6399,6108
4845,6136,4777,2198,1612,1558,5610,5385,4866,6220
3770,5151,5302,3899,4927,4720,2279,3554,3642,4831
3713,4774,3958,2612,4565,4772,4516,5853,3910,5603
2469,2229,3467,3602,4799,3020,5142,5181,6168,2484
3299,3826,4221,3930,3615,3673,737,4023,3009,4994
3768,2871,3202,2027,4444,5723,2376,5086,4752,5814
4049,5123,3879,5404,5404,3788,3172,7244,2813,3225
1715,2220,1039,2094,2094,2334,2641,2228,1000,2407
3600,4299,3327,3326,2037,5959,5399,5923,5483,5867
3964,4061,3267,2694,2694,3968,4301,6846,1699,5032
4143,4816,4052,3393,5186,1533,5660,4339,4351,2831
2609,2995,2805,1915,1915,3814,3027,6799,4878,5632
1738,4626,4263,3246,2860,3075,4363,4508,7523,4412
4486,3720,3904,4039,2291,6137,4974,7152,437,6204
4789,5362,4241,1345,2224,4096,6794,2287,4595,5576
2800,3431,2072,1188,3197,3805,4071,5439,5201,6368
4833,5936,4438,4731,6406,6885,1275,7596,2097,6596
4410,4765,4884,4183,3931,6538,6616,5704,5444,6319
5831,5182,5699,2118,2118,2539,6589,4156,4402,5767
3438,3973,4098,1427,4991,2569,4099,3973,4962,5869
3511,3740,3486,3356,2633,4272,2294,6039,5154,4741
3582,3761,3086,3761,2830,4426,5827,6227,1860,4710
4063,4134,3754,909,5537,5414,7334,4198,5493,3643
5010,4490,3432,4209,4162,2080,2332,4853,7373,4567
3706,3769,3296,3940,4042,3960,5917,6591,4940,4535
2849,2623,2810,2496,2496,3057,3998,4883,5003,5812
3739,3906,3468,4079,2328,3702,5221,5052,5662,4849
2745,3373,1910,1204,1204,3750,3362,2692,5004,6853
4272,5615,5551,2135,3167,4596,2343,3329,4959,6163
4034,4709,4934,3981,1837,5578,6437,5767,4937,5156
4473,4752,3875,4931,4931,4856,3431,5148,5288,5871
5019,5044,4044,4461,5724,5579,6470,4766,6452,3668
4376,4365,4507,5753,2668,5066,4650,5320,4430,5031
4537,5614,4744,2429,3128,5062,6226,2744,6258,6234
4772,3639,3545,4323,4323,5293,6327,4925,5655,5617
4567,5138,4022,3283,5781,4170,5318,4561,4726,5318
4636,4130,2997,2464,2464,4390,2830,2325,4217,5383
4226,4646,4567,3999,4106,5355,3700,4466,5269,4413
3755,4367,3326,1853,4531,4183,1370,3263,5010,4709
4403,4840,5275,2182,7252,2277,3561,1416,3317,5627
4940,5238,3716,986,4533,4609,5023,5332,5157,4978
4346,4427,3891,3662,5656,3933,2663,6325,5390,5329
4783,4430,4701,6547,5645,5092,7160,5235,5511,2843
3460,4167,3014,2832,4058,6334,4904,4724,3986,2966
4354,5449,4149,3514,4675,6882,3706,4672,6355,5910
4263,4094,3814,3560,4791,5629,4066,5301,5508,6781
3430,4325,4309,3598,3598,4037,5076,2535,4619,5164
3630,4063,3501,876,3894,2288,6310,1665,6125,6501
3604,4380,4442,1597,2066,1978,6552,2827,1778,5599
4088,4364,3721,4287,3357,5360,3217,6395,4452,5131
2085,2442,3730,1076,3858,4287,1842,1737,3329,1216
3785,5278,3681,5078,2040,5632,5692,4071,1691,6361
3301,3431,3860,3360,3360,3597,4135,4026,3930,2927
3212,3795,3944,2274,3916,5703,3381,5342,5562,5501
3683,4256,3546,2233,6499,4638,1789,2597,2460,3178
4829,5234,4878,2497,5310,5231,5827,3166,4925,4378
2908,3476,3368,2272,2212,3109,3251,1864,5213,2569
4944,5675,3991,6322,5842,4646,5464,3198,5586,4816
5657,4769,4608,4195,4428,5360,4461,6767,5372,5410
1744,1344,1746,3396,2185,3223,3667,4813,3937,2007
4076,3902,4725,1182,3156,5096,2951,3341,4743,5332
3249,3888,2949,1916,1916,3229,3020,3239,4019,4597
3544,2901,2962,2620,4046,4327,4915,2225,5927,5543
4104,4434,3825,1503,1027,3726,3758,2530,3065,5515
3125,4757,4831,4196,4196,4249,2234,4560,4387,3892
4250,4452,3891,4486,4486,4909,5856,5411,4110,6629
2119,2531,2050,1278,3237,3641,5546,3608,4628,4241
3963,3810,3491,6086,3804,3727,2216,6310,4241,2832
3127,3234,3768,3462,5025,3054,5425,2179,4271,4340
4532,4865,4941,4263,5147,5601,5656,6281,4143,4426
2360,2955,2130,2664,7337,5476,4228,5228,3747,3279
4985,4943,4133,5315,4388,6068,6173,4632,5825,3983
4613,5176,4075,5294,2310,6014,3586,2943,3262,5146
2595,2624,2980,1804,3482,5310,5331,7006,6043,3826
3964,4171,3071,3526,4340,3641,6973,2979,6253,6409
3545,4209,4828,1857,4986,5217,6017,5312,4880,6063
4091,4803,3638,1541,5224,4023,1703,3296,5517,6141
4470,4612,3541,4392,4392,4461,5656,7666,4212,5932
3637,3613,4067,3935,3935,3560,2394,4558,5315,4482
3164,3855,3775,3826,3826,2770,3156,3274,5176,4702
4673,4393,3682,4622,2709,4963,5814,6513,5814,6206
1835,2365,2041,4574,4212,4276,3786,5203,5840,3603
4455,4408,3273,1178,1593,5299,5064,4966,1856,5694
3462,3841,4157,2583,1652,4236,2343,5625,4466,5141
3522,4119,4007,3691,4624,1699,3467,2216,4271,4946
3608,3428,3255,3543,3076,5806,4424,2501,5111,6753
4071,4809,4728,3876,4399,1137,3914,4913,4110,3584
3292,3647,4448,1641,3390,3636,892,5786,5707,5263
4005,3975,4889,4171,4312,6170,5282,5905,6043,2840
3208,4000,4058,3305,3924,1719,1835,5837,4846,5288
4225,4927,5181,751,751,3344,4736,4024,4675,3256
4543,5328,4789,5507,2881,4942,5548,4859,5072,5581
3828,3386,2667,4723,4723,5298,5167,3404,3201,2352
3950,4329,4694,2795,2795,7443,5979,2801,5365,6123
4020,4242,4575,2109,3717,6415,6017,3609,5175,6223
3742,3619,3342,3367,3307,6056,4370,4667,3527,6400
3530,3077,3630,3524,3524,6989,3360,2671,4076,3662
3766,4290,4626,866,4554,6485,6496,3399,4950,6118
3905,2387,2621,3500,2899,4579,2772,4383,4795,6058
5256,5254,5472,5324,5324,6800,3622,5810,1544,5979
2971,2871,2471,4304,4304,4881,5124,4187,1986,1030
3802,4734,4149,3797,3797,4007,2707,2340,2862,5123
4851,4757,3578,1243,2585,4913,1828,5375,5469,4280
2159,2509,2360,1053,2667,1269,3387,4138,4302,5366
4925,4523,4359,4570,4570,5020,3706,4366,5618,5731
3853,3563,3319,2771,4789,5024,2285,6162,4718,6113
3401,3615,2991,1306,3942,1386,2299,3599,1587,3548
4609,4994,3983,4530,6546,6426,5287,6805,5183,6543
4746,4978,3830,2607,714,3502,2545,2693,3933,5751
2679,2275,2254,1038,2770,3611,2497,3550,5096,2981
3787,4130,3405,4068,3653,3555,3227,6903,3680,6391
4569,4573,4187,3443,2842,6580,7265,1996,5827,3545
2974,3786,3920,2703,2703,3528,5042,4058,2581,3969
2485,2478,2252,3446,4124,6070,5096,3509,4980,4887
4645,4144,3543,1091,3020,6024,2828,6008,6553,3269
4332,4753,4247,4069,4843,3924,4935,6525,6393,5638
4770,4390,3124,2791,4416,3937,2321,6033,5887,4348
4617,4791,3635,3701,3701,3825,5432,2962,3418,6066
4786,6161,4364,3166,3914,6995,4368,4037,6192,5759
4195,5357,3920,1933,2426,5734,3557,2931,5196,5128
2692,2707,2374,3175,8041,7203,4822,6138,4759,6904
4743,4465,3980,3904,4588,6444,3083,5123,5768,6088
2626,2521,2270,1316,2391,3654,2384,3223,3309,3422
4752,4419,4583,2221,3165,4316,3128,6030,3555,4695
4609,4416,4656,1210,2934,5430,5128,5769,5735,5222
3732,3568,3213,2279,1134,3347,4259,2811,3955,2408
3349,4230,4018,2458,3760,5496,4046,4672,3391,4621
4060,4155,3629,2162,6275,4085,6550,803,5243,5161
4943,5633,4526,5244,4654,5711,4665,4141,6205,7205
5233,5236,4336,3098,5163,4484,4138,7495,4039,7030
3621,3185,3338,1775,2486,5841,5080,1814,2787,3116
4848,3908,5216,2699,4399,3962,3902,1283,5560,6371
2853,3049,2896,2065,5035,5275,6021,3841,6354,5264
3580,3149,3460,3147,2698,3274,1507,2340,3473,3985
2667,2205,2117,2792,2834,5594,4083,3076,5808,4508
4800,5459,5538,5505,4273,5959,4105,5688,4201,5862
3418,4596,4547,1703,4060,4933,3227,2373,5204,4411
3878,4979,3923,4178,4178,5068,6694,7370,6715,5460
5570,5989,4593,2509,3864,5059,3963,6128,3349,4714
4458,4456,3591,4948,4487,4565,4812,7514,4859,6014
3746,4050,2929,4371,3906,4505,3478,3824,3760,5038
2063,2199,2477,1220,1459,970,2662,1438,2239,2657
3975,4061,3477,2119,3174,6726,2048,7156,7088,6919
3573,3114,2817,4564,4206,2425,4681,2865,4117,3465
3616,3724,3314,3231,3231,3519,5707,4894,4599,5529
4576,4328,3824,2499,2499,4890,4595,1749,4077,5303
3752,4976,5106,1388,4528,2744,2855,6472,680,4295
4728,4260,3609,4416,4416,5640,6989,4620,6206,7119
2467,3678,2539,4932,4932,5270,3830,6934,2777,5499
4485,4671,4987,3713,5805,5088,7427,3767,7334,2192
2605,3541,4285,1141,4465,2739,4377,3529,2510,3029
2758,1997,3768,2540,2120,2377,2726,1838,2584,2486
3816,3651,3349,3633,4586,5450,5644,5037,3098,4436
3692,4352,3124,3435,4236,5021,5319,8356,1614,6002
4088,5645,5775,1109,4011,5201,3810,5136,5062,6634
3263,3835,3299,3870,3183,4487,2830,4805,3422,5642
3864,4333,3710,3878,2051,2994,4171,4632,3964,5270
3077,3909,3117,3083,3737,3542,4550,2698,4127,3235
3587,2194,2723,2834,2283,3554,4167,3391,1578,4091
4375,4164,3911,473,2196,3701,2029,1657,2772,4451
4070,4579,3754,2641,4538,4172,2980,2230,4666,5398
4461,4269,3158,3548,4293,4121,4289,6460,5348,6218
4705,4030,2926,1923,2753,2755,4259,4406,5276,5751
4718,4399,4070,1805,5511,6211,5718,5538,6526,5459
4250,5118,3755,2305,5060,4590,3637,4343,3933,6421
2196,2965,2938,2538,2725,3924,4068,4595,3094,4391
4172,4424,4757,4656,1920,4784,2599,7228,5073,2619
4986,4918,4055,4975,4975,5286,3504,6442,6183,3690
5301,5255,4066,5090,5090,5676,4603,1788,5825,6089
2927,2939,2516,3337,3337,3322,2990,4347,4436,2808
2737,2855,2237,2318,3857,3790,3497,6235,4863,5382
4238,4564,4552,4445,3316,4821,5382,5688,4354,4519
2256,4321,3750,2245,2988,4606,5187,4539,3223,3509
3893,4142,3561,1451,2958,4471,2012,6523,3939,4831
3198,3332,3711,4001,3606,5577,2725,2862,4551,2735
3333,2671,3904,3425,3425,3715,3451,5506,1555,4326
2950,3260,3014,1755,2713,4204,5950,4027,5074,5098
3425,3037,3984,2616,2241,1852,3389,5220,2521,3854
3807,4218,3977,1693,4966,6842,3282,2843,5198,6180
3685,3863,4122,2542,4087,4272,4514,6335,5945,4083
3930,4017,3677,2111,3784,5870,3132,4969,5298,4765
3991,4594,3961,3993,4306,4419,3040,4448,2151,4509
3301,1928,3068,1999,1999,3983,5101,4656,3131,3314
2512,2839,3082,3281,1656,2865,1581,3177,2264,1612
3070,3313,2155,2269,2805,3970,3293,4665,4944,5029
4340,3657,3717,4238,3320,5605,5025,3077,4848,4673
3877,3924,4684,2020,3359,5924,4161,4593,1304,4383
2573,2865,1835,966,1763,4206,4469,1088,4252,5171
2778,3883,4134,2761,3891,5210,4068,3728,4314,4304
4181,4689,4696,876,3406,5667,5178,4153,6010,6637
3963,4083,3363,3541,3541,3809,1810,2889,5800,6208
4052,4416,4781,3877,5593,5942,4653,5753,6260,3493
4209,4778,3807,2900,4930,4479,6588,1951,5560,2834
3479,5428,3439,2227,4946,4094,2483,1388,5225,5436
2205,1646,1734,1354,1354,2121,4015,2291,1566,2042
2121,2186,1826,2601,2686,3307,3310,4451,4662,3566
3427,3971,3128,3621,3574,4619,4321,2527,5634,6018
4544,4379,4390,4236,6270,6606,7379,1729,8103,4180
3903,4515,3833,2475,2757,5407,4057,4331,6130,6222
4613,4338,3443,3559,3559,4481,4769,5040,3759,6534
4915,4799,3780,1398,3633,4441,6302,4902,2485,5759
4792,5465,4258,4740,3307,6669,6545,3371,2296,5651
591,1639,4115,803,4351,1452,821,5598,1870,3365
4353,4934,4903,3223,2868,5774,6322,3557,5398,5909
2949,2738,2543,5068,5068,5242,3461,4894,2052,3635
2288,1914,2774,2561,1929,3900,3824,4077,3914,1972
3090,3878,4610,1685,2302,1521,3895,3007,1776,4320
2606,2492,2007,2829,3367,3949,3504,5006,4048,4792
3998,4367,4757,4944,4183,2591,1677,2795,6073,3926
1313,4790,3129,1768,1768,3693,3800,4381,2029,4814
1958,4189,4357,2479,2014,5214,1813,2225,3877,5610
4492,4947,3944,4392,3867,2054,4769,4738,5443,5746
4056,5552,4995,5478,4257,6819,2624,2288,4959,4603
1613,4435,3856,5184,5184,4898,2772,2430,4836,5705
4607,4415,4588,4879,4879,6529,6890,6259,6183,6365
3303,3799,2772,1628,3733,4082,5812,5337,5707,4072
2611,2683,2865,3196,4899,3900,4153,2560,5205,3606
4785,5102,4306,3389,4154,6348,4008,1813,5823,5949
4326,5347,3749,1432,4087,5986,4245,6459,6713,3135
1639,1282,2261,4338,7677,8431,8485,4349,2705,3261
3711,2644,2383,3772,6205,7288,6192,3122,2354,2093
1540,2028,1588,3471,9551,9640,7712,5345,1625,2536
1673,4101,1587,2596,3270,4197,7825,5247,4334,3770
3556,1650,2414,3827,4480,6830,6100,2701,3786,4056
1483,1851,1432,5023,9656,9235,7784,5933,4783,2438
1491,1975,4380,7210,9170,9445,3398,1586,1341,1389
1768,2422,3078,5314,5835,6486,8255,5541,3509,3293
2300,1530,2031,4344,7916,8706,5883,6995,1597,3286
2593,3490,3303,3738,3370,3751,1914,3181,3290,3281
2364,4367,4254,4505,4300,5080,5615,3540,3875,5032
1572,2130,5090,3077,8384,7869,1135,1381,3453,5175
3568,3061,3378,3784,3079,3804,1716,5311,3464,2954
1811,2350,3571,3679,2649,1943,3254,3963,5878,4360
2168,3749,3646,5628,2828,4277,3618,3581,4859,4634
2648,2496,2504,5740,7370,4828,2659,4535,3790,3975
3137,2479,4098,4415,6860,6326,7943,6163,3622,3711
2957,1746,3355,5100,7208,7080,4557,4389,2047,2054
2642,4431,3177,4023,6718,5586,7104,6435,5377,3718
2191,1278,1358,3538,9193,7288,8662,4541,3089,1705
3848,2695,3739,4114,4328,4540,5317,3540,4146,2209
1876,1821,2225,6113,8481,9169,3280,4686,2196,1848
1759,2995,3038,3728,3484,2776,3712,3100,3217,3018
2150,2531,3281,3414,4078,4353,4300,4185,5123,5105
1616,1914,3002,8581,4966,8831,5705,1475,1989,4274
1947,4194,3151,4398,5023,5023,3985,4099,5030,4647
3000,3886,3436,5383,4293,5118,4445,3813,2895,4233
1337,1698,4261,6276,7152,7916,2700,2054,2927,3127
5594,4308,3499,3790,2679,3733,7476,5824,3854,3771
5452,4649,4917,2151,5466,3182,6368,5415,4683,7116
1868,1512,2064,2872,3971,4604,2789,5415,3468,4753
6117,6248,4889,917,3956,2583,4573,3032,6312,2271
5434,4883,5296,3650,7139,5733,4378,6235,3733,4437
4447,4462,4541,1680,4859,4476,4836,6236,3112,4238
3567,4578,4098,1867,5192,4369,4729,4290,5349,5585
2274,1723,1338,4283,6715,6167,5170,8346,8793,7576
2725,2019,2075,3752,4698,3872,2446,2909,7157,7046
5867,5130,5286,5420,6852,1870,7639,6420,3683,2961
4142,6227,5270,3790,6937,6502,6070,5877,3045,4088
2021,1575,1937,3579,4210,6103,5685,5236,2754,5687
3137,4152,4851,1461,4532,5026,6724,5487,4648,5036
5187,6116,5455,4850,7411,5504,7022,3071,4540,4731
2723,2879,2845,1394,790,3406,2626,5611,3647,4979
2783,3781,4113,4494,5945,5800,6182,4848,6501,4926
2689,2439,2956,1540,4464,2245,5736,1910,4469,3665
5196,6135,5616,4933,7144,3282,6637,2762,4564,3823
2538,3253,4117,1086,1934,1962,3913,4295,5464,2539
3304,2643,3413,1622,1694,2670,2520,4215,4809,5976
2653,3125,3688,3108,2713,5094,4064,2529,3598,2952
2029,2374,2500,3833,3818,4623,5617,1919,4832,4372
3835,5777,4318,2985,6008,5486,7343,5628,6899,4383
3154,2891,2929,1685,1689,1505,5523,3866,5073,6127
6374,6284,5543,3757,4118,4712,4888,6534,5555,2864
1959,3014,2914,4042,4365,4966,5271,4512,5862,6806
2561,3793,3249,3400,4704,4848,4607,4848,3585,5192
1984,1412,1662,3701,3441,1862,3266,5116,8004,6106
3466,4073,4182,4046,5447,2449,4407,3368,4470,1459
3640,4193,4375,1335,6326,6658,4272,5021,5381,5682
4344,4099,4453,5597,6099,6549,4665,6006,6770,5712
6364,7415,5175,1484,4796,5148,3314,6529,5663,5309
7084,7087,4544,8701,6351,4770,8199,1886,6052,5195
5434,6303,4789,2797,2523,4525,4853,5125,4657,5399
2907,3088,3106,3078,5743,4984,4547,2264,4962,3589
6583,6128,5554,8940,8940,4694,1739,3076,4980,4966
4057,3747,2940,2585,5831,5580,6424,2401,3459,2868
4979,5294,4284,6652,6652,6079,8572,2810,4949,5013
3531,2491,4145,1826,3189,2173,2442,2840,3603,1961
3781,5084,2515,1539,3142,2191,2778,3703,2052,1776
4435,4307,3441,5549,5549,5344,3867,5319,5057,5247
6028,5771,5645,1250,5493,2193,2564,6431,4182,4928
4187,2509,2843,2689,4932,7119,2769,1821,3970,3395
1178,2271,4030,1352,3754,7304,1630,5444,5887,4197
4564,5042,3539,6309,5383,6629,5964,4384,7059,5002
5100,4994,4904,8764,6695,5154,2549,4278,4458,4730
5489,6117,6429,2363,2481,5001,5657,1953,7246,4627
6092,7983,5096,4047,2722,6227,6559,4722,7420,7508
4428,3986,4950,6833,5092,4355,6046,4085,2695,4171
4142,4191,3564,2298,5099,5353,2439,5974,1976,6050
5208,3910,3642,4515,6530,4648,5204,5009,5576,5127
4733,3752,3243,4446,4502,4740,3398,1944,1888,3155
3684,5538,5169,1206,3871,5678,3044,6644,5211,5300
4042,3378,1259,1541,1023,2004,4284,519,2550,4833
4569,6082,5191,4383,5546,5841,1750,1860,2863,3558
3186,3062,2985,3456,5200,4645,5567,4424,6780,4262
3594,3611,2916,2071,5367,2911,3851,2276,3103,4033
3129,3656,3716,3396,4626,6948,5244,5053,3091,4445
4225,4750,2950,3797,3926,6266,6637,5579,6893,3452
5377,6746,5171,1996,3161,4078,3195,5000,5702,5131
4793,4405,3045,5751,5712,5500,5432,6454,7409,5358
3494,3157,4416,3801,6205,6106,6063,9812,4486,4790
4539,3775,3228,2143,5586,3368,2373,3013,5040,5377
2631,2706,2209,2151,4117,4294,3609,3098,3608,2849
3989,2022,1764,3067,2370,3687,2358,2500,3471,4111
3381,6070,3300,3770,5269,4658,2886,4041,2767,3585
991,1453,2228,1984,1714,2638,4507,1785,2888,630
2234,2647,5020,1988,6399,2681,3498,819,2833,2750
2377,2065,2312,1374,3761,3744,4818,4500,5767,3165
2119,3559,3053,3961,6422,4394,2646,5115,5360,2072
4032,3191,3224,3713,2570,4656,3471,3168,3822,3785
3290,3606,2978,3531,5055,4801,7155,4465,2261,4578
3522,3284,2586,4695,4862,4622,3859,4033,3154,3505
3715,1930,3154,1885,3591,2257,5486,6103,3595,5933
3938,4721,3810,2982,5901,5982,6590,3000,2968,3601
3636,3355,2888,4869,5055,3839,6167,4749,2829,4362
3925,5542,5388,6842,7668,7956,2019,4972,2260,9571
3291,4600,5028,3641,6936,6095,1947,3756,5583,4183
5133,5540,4720,4137,2112,5865,6119,7533,1090,2433
2729,5049,6188,5953,7516,6382,841,3390,2063,1970
3869,5814,4895,4211,7045,4195,4594,4249,6944,5729
2582,5138,4211,6605,6699,5938,1773,5170,1116,1314
3648,3786,4682,1566,4151,5384,7758,4889,2506,2073
5324,4113,4958,4300,6930,5930,3858,1792,2095,3902
2611,4487,3298,5058,6065,5410,477,966,2165,1952
4970,6957,5622,8258,4779,7094,9090,6121,3002,2453
4646,3366,5380,2852,7216,5976,6519,5040,3139,2636
3312,5153,4446,6600,6801,6562,3757,2910,2062,4302
2571,5506,4414,4242,6777,5363,7564,4494,4648,4825
4680,5630,5657,2744,7571,6871,6554,3054,2961,3034
4213,5538,5438,5019,4204,7462,6479,4789,6609,3797
3806,4607,5146,3021,3133,5468,6312,1875,4575,4704
4422,4784,4197,2900,2674,5143,6708,5923,5304,5734
4455,4031,4316,3166,4329,2440,4913,5389,2664,2553
3448,3720,3818,2986,3213,4678,2622,5501,4253,4667
2907,3088,3106,3078,5743,4984,4547,2264,4962,3589
6092,7983,5096,4047,2722,6227,6559,4722,7420,7508
4401,2166,3296,2197,4982,5262,3818,4870,2492,4940
5896,5199,5814,1886,5472,6316,4190,2540,4217,2925
2537,3776,3314,3162,6685,2138,6904,7471,7270,5728
3536,4163,5514,5011,4950,5066,2219,3283,1944,4183
3260,5542,4864,7316,7668,3806,2019,4972,2389,8921
2582,5138,4211,6605,6699,5938,1773,5170,1116,1314
5282,4113,5336,3235,6930,5931,3858,2351,2095,3635
1640,4739,4527,4259,4259,5342,1750,5102,3855,8129
2524,5049,5218,6902,6542,6109,924,3390,1768,1518
4096,5179,4704,5355,6694,5484,3633,4249,3088,4078
5133,5540,4720,4137,2112,5865,6119,7533,1090,2433
3498,5153,4946,7129,6801,5809,3865,7164,3422,5367
2571,5506,4414,4242,6777,5363,7564,4494,4648,4825
6379,5064,4179,5433,3427,6831,2919,4516,4654,6989
3976,4088,3638,4692,7177,5393,2847,3813,3736,4932
5614,5487,4450,5318,7759,7329,5120,6479,7974,7213
6200,5398,5327,1964,1989,3916,7756,8323,3036,5227
5022,4562,4243,4373,4476,4697,3663,5108,5254,1547
6286,5635,5575,4759,7675,7949,6752,6875,6068,6681
5997,5085,4501,3984,2679,700,7426,6470,4126,8053
4654,4024,3887,5622,6316,2318,6229,4745,7712,5169
1582,1967,2874,2573,3265,2554,5660,3778,1668,3749
6682,5937,5420,4443,5133,1172,5002,5732,5376,6065
4974,3479,4348,5258,3190,6098,4828,5450,1903,4888
4306,3468,3914,3030,5562,3961,3331,3887,5480,6186
1745,1531,1725,2910,2717,992,2248,2581,4952,4402
6716,6050,4817,6811,7714,5212,2211,5307,876,5793
1661,4234,2790,2898,2647,5208,3941,5421,4600,4704
1440,1794,2180,3686,6944,5052,4954,6578,9165,5325
5876,5017,4921,3865,1552,4597,6409,7667,3612,2478
5024,3546,3387,4236,4532,2581,2841,3629,3207,7837
5034,4533,4422,3686,5469,3897,7712,6428,6154,6577
1824,1808,1597,2283,2843,2196,3788,3409,5520,3460
5198,5600,5033,2794,5827,5058,7713,6913,2912,3233
3866,3517,2267,5026,5782,2963,2757,2758,8601,6481
4592,2520,2325,2893,4371,2997,4500,5690,6508,3956
5660,4472,4700,3373,5907,765,4508,2512,3582,5788
2846,3847,4543,3344,1868,1987,3540,4661,5763,5694
5532,4894,4556,4551,4961,3617,4259,4738,5618,7597
6174,6165,4963,4905,5161,4603,5166,6475,4515,6033
6749,6517,5447,4655,6848,2911,5936,5076,2466,6015
3595,5323,4237,885,2413,2580,4030,5590,6539,4160
2616,2689,1837,1176,2741,3089,2882,2805,3124,2035
2018,1594,2356,2475,5836,2281,4297,4411,3524,3064
6864,3967,5633,6621,3925,2159,3251,6093,3173,5475
6251,6620,7883,2830,4618,9665,3723,4520,6668,5741
2431,2923,2482,2822,2127,3945,4462,4353,7626,6831
1655,1134,1168,794,1876,3891,6969,8470,9891,7287
6378,1893,5413,4182,5931,4886,2676,2980,4500,6029
1875,2565,3335,1590,4390,1970,2462,5145,4358,4637
3277,3614,3632,3714,5696,4914,4097,4447,3159,4796
5956,5574,4621,3637,4776,1896,6375,4007,1795,4662
2534,2891,1773,4123,3755,3012,3384,5111,7673,1837
2404,2472,3456,848,4054,2747,5548,4436,2924,2728
5051,6664,5229,5549,7127,6518,3839,6866,5897,2733
4781,4842,4911,5076,7019,5568,2591,4951,5732,4376
5604,4062,4190,4290,4104,5238,3672,3789,1897,4450
2766,2299,2158,2468,4675,2535,5004,5761,7193,6518
5300,4043,3391,3400,5263,5072,3811,3813,4233,5482
1413,2352,3303,8081,8195,9351,5238,3705,2155,3815
5645,1346,3175,5641,9171,9800,8421,4693,2879,1411
1639,1282,2261,4338,7677,8431,8485,4349,2705,3261
2071,3385,4348,4059,3593,5646,2880,4854,6337,3960
2496,5352,6341,7665,7381,6458,1783,1779,2909,4130
2765,1868,2250,1713,4471,6299,6769,8053,3122,4496
4174,2256,2768,1954,4349,5293,7655,6526,3909,1255
1555,4321,5169,7153,7499,6215,3348,3034,2334,3409
2217,2539,3339,5433,4415,4374,5616,6423,6472,3177
1291,2560,4426,8523,8828,8964,7345,2764,1101,1306
1159,2618,4462,7434,7123,7210,6090,3676,1749,4906
1504,2198,2092,2472,2775,3530,6127,6058,2147,3712
1403,2835,6092,8317,6288,7788,1621,1491,1774,2618
1491,2435,5038,8032,8619,9443,7231,2071,1504,1353
1551,3371,4996,7461,8151,7680,6480,2110,3047,1715
1491,1975,4380,7210,9170,9445,3398,1586,1341,1389
1346,1532,1925,1672,3799,3217,2374,4491,4926,6764
1363,2648,5873,8828,5392,8567,3530,1436,1930,2167
2246,3742,999,2756,4048,4011,7368,6839,3229,4015
4093,2192,1641,4122,6415,7098,6531,3033,2376,2363
4416,906,1835,3649,5461,8957,9205,4428,1168,2168
1616,2140,2936,2376,4372,6135,5526,6454,2495,5438
2732,4160,4297,5541,5744,5985,4707,3921,1035,2431
1297,2379,6836,9009,8885,9179,4274,1415,1759,1996
1742,1396,2101,2179,3939,4172,7339,5302,5734,4804
4131,2549,3067,5514,8732,9112,8436,5038,2443,2424
1892,3292,2996,2639,2639,4542,2234,5753,7377,6476
1973,2674,3857,5035,6981,5297,5377,3961,2943,5247
1186,1171,1469,1678,4393,4419,1556,5476,3871,5463
2648,2496,2504,5740,7370,4828,2659,4535,3790,3975
3356,4408,3802,3530,4653,6144,6607,4197,4221,5047
4208,4981,4595,6095,5541,6425,5416,4544,4402,6079
1489,937,1380,2142,4313,9374,7772,6918,5112,1490
1614,1949,3417,5080,8454,8161,7351,5293,3433,2608
3128,4028,3831,4714,3532,5217,3751,6321,6484,4996
2122,2068,3051,3419,4643,4840,1458,4606,4741,5543
3781,3386,4869,5487,5557,6546,6189,5169,5075,3624
2606,4122,3403,3664,4706,4276,7136,3451,4682,3840
3533,3053,4125,4714,5140,3604,5328,4167,4886,3999
2150,2531,3281,3414,4078,4353,4300,4185,5123,5105
1369,2187,1650,5151,8133,8815,8238,5875,2083,1612
4107,3861,3138,5337,4052,5035,6047,5319,4535,4774
3636,3710,2882,3902,1049,4390,4639,4562,4870,4131
1824,4084,1689,3165,8131,9079,4418,6048,2107,2331
5072,6254,3988,4165,2733,5692,6128,7888,5836,2186
2904,4063,2876,2023,3994,2376,5767,4882,4868,3366
2780,2202,4440,4980,5981,6396,4070,7115,6788,5827
4193,4570,4369,6438,5349,4477,4791,5058,4830,5728
2594,4248,3034,4367,4933,2529,5896,5974,4518,3188
3677,4152,2398,3011,5368,6582,6795,5377,5835,4647
3842,5255,3883,3558,4213,4705,7728,1721,5104,5755
3134,4250,3958,2252,3925,6554,4103,6258,6274,8441
1759,3084,2795,1736,3602,3756,6337,5047,2755,3081
3417,5810,4195,1992,6431,5583,7511,5616,7219,5087
3005,3405,2398,1743,5554,5826,6425,3735,7731,6066
2976,4236,3867,3619,5342,5588,6921,4070,2973,3548
2832,3619,3216,2692,3221,5032,3473,5534,5429,3744
2717,2224,2827,2115,5029,5919,5511,6382,5935,5017
3777,2982,3196,3941,5429,5673,5685,5411,4655,4823
3073,4509,3083,4017,2140,2586,4655,4616,2855,6446
2928,2684,2220,1951,2852,4603,5388,4073,3574,3980
2187,1882,1229,1919,3624,1876,2726,6060,1808,6666
2013,3522,2633,2055,2723,3615,3409,5353,3683,3917
2794,4462,2419,4586,5726,5176,6286,3597,2866,3634
3071,4019,2860,3066,5241,6170,6251,5469,3009,6112
4621,4443,3543,2752,6346,5879,2427,6799,6789,2348
3640,3931,2958,3826,4229,5535,6486,5934,2137,4878
2045,4302,2573,1597,6683,3122,6148,5789,7269,4484
3432,3690,2607,3554,5119,3465,3709,6881,6508,5022
3070,3250,2345,2999,6108,6847,3677,6307,3739,4658
2504,5538,4537,5088,4866,4592,5486,4348,4032,4271
1566,2367,1722,2018,2830,3850,5757,6761,6131,6397
2796,2480,2204,2633,2552,3720,4950,4578,5267,3958
3651,4318,3530,5137,5939,4738,5984,5509,5378,5103
2196,2752,2211,4837,4910,5390,6113,7128,5365,4767
3161,3310,1996,4019,5210,1407,5071,3029,5118,3754
2512,2656,2119,3393,4783,4139,6285,6101,5959,5980
3727,2047,3493,5826,3397,5014,4158,5855,6136,8155
3337,5239,3443,1497,4746,6474,2682,1895,5858,5114
3700,4090,3346,4359,5373,4516,5629,5714,3555,5462
3480,3720,3042,2505,4842,3688,5100,3662,5197,6305
4312,3666,3360,2092,4462,6210,5182,6103,7406,2738
2369,1946,1712,3411,6586,4366,6670,7104,5429,6512
3276,3236,2870,3698,4531,2795,4877,4150,5626,4705
4584,4431,3431,2810,5283,4765,5561,5161,5449,4571
3610,3647,2991,636,4110,4976,6541,6012,5689,3347
3410,4438,4171,4870,5329,2320,5606,6602,5550,5284
3142,4236,4571,2522,2346,4854,7780,6555,5307,1710
3468,4136,2683,3808,3879,2992,4115,3922,2621,2741
1928,2044,1641,2569,2569,3179,4142,3453,3708,3046
4242,3716,3841,3212,5872,6358,4690,2382,2263,4586
3627,3555,3162,5786,5168,5844,6976,2960,5000,4099
3565,4301,3383,3960,1616,4877,6136,5170,4553,4948
5970,5797,3973,4466,2945,5356,4370,3968,5124,2539
4784,5503,4582,6694,3810,4976,6767,6825,3748,5579
3822,3190,2348,4255,3023,5593,3973,4209,4768,5271
4209,3281,5088,4328,5039,4900,2571,4262,4647,5286
4109,4506,3174,3094,4726,5365,4783,5291,4262,4927
3544,4712,3544,2603,3215,5283,6929,6408,5739,6368
3547,4161,2892,1449,4707,4198,5691,2145,1982,4081
4194,3116,2962,2710,2710,6286,1748,5193,5048,5255
2945,3808,2959,3004,5225,2158,6161,4243,5950,2560
4913,5122,4161,3868,6879,6305,6225,3000,4615,3103
3842,4686,3624,2592,3670,4565,4094,4111,5806,2309
